UtcTime,AirQuality
1703790000,1
1703793600,1
1703797200,1
1703800800,1
1703804400,1
1703808000,1
1703811600,1
1703815200,1
1703818800,1
1703822400,1
1703826000,1
1703829600,1
1703833200,1
1703836800,1
1703840400,1
1703844000,1
1703847600,1
1703851200,1
1703854800,1
1703858400,1
1703862000,1
1703865600,1
1703869200,1
1703872800,1
1703876400,1
1703880000,1
1703883600,1
1703887200,1
1703890800,1
1703894400,1
1703898000,1
1703901600,1
1703905200,1
1703908800,1
1703912400,1
1703916000,1
1703919600,1
1703923200,1
1703926800,1
1703930400,1
1703934000,1
1703937600,1
1703941200,1
1703944800,1
1703948400,1
1703952000,2
1703955600,2
1703959200,2
1703962800,2
1703966400,1
1703970000,1
1703973600,1
1703977200,1
1703980800,1
1703984400,1
1703988000,1
1703991600,1
1703995200,1
1703998800,1
1704002400,1
1704006000,1
1704009600,1
1704013200,1
1704016800,1
1704020400,1
1704024000,1
1704027600,1
1704031200,1
1704034800,1
1704038400,1
1704042000,1
1704045600,1
1704049200,1
1704052800,1
1704056400,1
1704060000,1
1704063600,1
1704067200,1
1704070800,1
1704074400,1
1704078000,1
1704081600,1
1704085200,1
1704088800,1
1704092400,1
1704096000,1
1704099600,1
1704103200,1
1704106800,1
1704110400,1
1704114000,1
1704117600,1
1704121200,1
1704124800,1
1704128400,1
1704132000,1
1704135600,1
1704139200,1
1704142800,1
1704146400,1
1704150000,1
1704153600,1
1704157200,1
1704160800,1
1704164400,1
1704168000,1
1704171600,1
1704175200,1
1704178800,1
1704182400,1
1704186000,1
1704189600,1
1704193200,1
1704196800,1
1704200400,1
1704204000,1
1704207600,1
1704211200,1
1704214800,1
1704218400,1
1704222000,1
1704225600,1
1704229200,1
1704232800,2
1704236400,2
1704240000,2
1704243600,2
1704247200,2
1704250800,2
1704254400,1
1704258000,1
1704261600,1
1704265200,1
1704268800,1
1704272400,1
1704276000,1
1704279600,1
1704283200,1
1704286800,1
1704290400,1
1704294000,1
1704297600,1
1704301200,1
1704304800,1
1704308400,1
1704312000,1
1704315600,1
1704319200,1
1704322800,1
1704326400,1
1704330000,1
1704333600,1
1704337200,1
1704340800,1
1704344400,1
1704348000,1
1704351600,1
1704355200,1
1704358800,1
1704362400,1
1704366000,1
1704369600,1
1704373200,1
1704376800,1
1704380400,1
1704384000,1
1704387600,1
1704391200,1
1704394800,1
1704398400,1
1704402000,1
1704405600,1
1704409200,1
1704412800,1
1704416400,1
1704420000,1
1704423600,1
1704427200,1
1704430800,1
1704434400,1
1704438000,1
1704441600,1
1704445200,1
1704448800,1
1704452400,1
1704456000,1
1704459600,1
1704463200,1
1704466800,1
1704470400,1
1704474000,1
1704477600,1
1704481200,1
1704484800,1
1704488400,1
1704492000,1
1704495600,1
1704499200,1
1704502800,1
1704506400,1
1704510000,1
1704513600,1
1704517200,1
1704520800,1
1704524400,1
1704528000,1
1704531600,1
1704535200,1
1704538800,1
1704542400,1
1704546000,1
1704549600,1
1704553200,2
1704556800,2
1704560400,2
1704564000,2
1704567600,1
1704571200,1
1704574800,1
1704578400,1
1704582000,1
1704585600,1
1704589200,1
1704592800,1
1704596400,1
1704600000,1
1704603600,1
1704607200,1
1704610800,1
1704614400,1
1704618000,1
1704621600,1
1704625200,1
1704628800,1
1704632400,1
1704636000,1
1704639600,1
1704643200,1
1704646800,1
1704650400,1
1704654000,1
1704657600,1
1704661200,1
1704664800,1
1704668400,1
1704672000,1
1704675600,1
1704679200,1
1704682800,1
1704686400,1
1704690000,1
1704693600,1
1704697200,1
1704700800,1
1704704400,1
1704708000,1
1704711600,1
1704715200,1
1704718800,1
1704722400,1
1704726000,1
1704729600,1
1704733200,1
1704736800,1
1704740400,1
1704744000,1
1704747600,1
1704751200,1
1704754800,1
1704758400,1
1704762000,1
1704765600,1
1704769200,1
1704772800,1
1704776400,2
1704780000,1
1704783600,1
1704787200,1
1704790800,1
1704794400,1
1704798000,1
1704801600,1
1704805200,1
1704808800,1
1704812400,1
1704816000,1
1704819600,1
1704823200,1
1704826800,1
1704830400,1
1704834000,1
1704837600,1
1704841200,1
1704844800,1
1704848400,1
1704852000,1
1704855600,1
1704859200,1
1704862800,1
1704866400,1
1704870000,1
1704873600,1
1704877200,1
1704880800,1
1704884400,1
1704888000,1
1704891600,1
1704895200,1
1704898800,1
1704902400,1
1704906000,1
1704909600,1
1704913200,1
1704916800,1
1704920400,1
1704924000,2
1704927600,2
1704931200,2
1704934800,1
1704938400,1
1704942000,1
1704945600,1
1704949200,2
1704952800,2
1704956400,1
1704960000,1
1704963600,1
1704967200,1
1704970800,1
1704974400,1
1704978000,1
1704981600,1
1704985200,1
1704988800,1
1704992400,1
1704996000,1
1704999600,1
1705003200,1
1705006800,1
1705010400,1
1705014000,1
1705017600,1
1705021200,1
1705024800,1
1705028400,1
1705032000,1
1705035600,1
1705039200,1
1705042800,1
1705046400,1
1705050000,1
1705053600,1
1705057200,1
1705060800,1
1705064400,1
1705068000,1
1705071600,1
1705075200,1
1705078800,1
1705082400,1
1705086000,1
1705089600,1
1705093200,1
1705096800,1
1705100400,1
1705104000,1
1705107600,1
1705111200,1
1705114800,1
1705118400,1
1705122000,1
1705125600,1
1705129200,1
1705132800,1
1705136400,1
1705140000,1
1705143600,1
1705147200,1
1705150800,1
1705154400,1
1705158000,1
1705161600,1
1705165200,1
1705168800,1
1705172400,1
1705176000,1
1705179600,1
1705183200,1
1705186800,1
1705190400,1
1705194000,1
1705197600,1
1705201200,1
1705204800,1
1705208400,1
1705212000,1
1705215600,1
1705219200,1
1705222800,1
1705226400,1
1705230000,1
1705233600,1
1705237200,1
1705240800,1
1705244400,1
1705248000,1
1705251600,1
1705255200,1
1705258800,1
1705262400,1
1705266000,1
1705269600,1
1705273200,1
1705276800,1
1705280400,1
1705284000,1
1705287600,1
1705291200,1
1705294800,1
1705298400,1
1705302000,1
1705305600,1
1705309200,1
1705312800,1
1705316400,1
1705320000,1
1705323600,1
1705327200,2
1705330800,1
1705334400,1
1705338000,1
1705341600,1
1705345200,1
1705348800,1
1705352400,1
1705356000,1
1705359600,1
1705363200,1
1705366800,1
1705370400,1
1705374000,1
1705377600,1
1705381200,1
1705384800,1
1705388400,1
1705392000,1
1705395600,1
1705399200,1
1705402800,1
1705406400,1
1705410000,1
1705413600,1
1705417200,1
1705420800,1
1705424400,1
1705428000,1
1705431600,1
1705435200,1
1705438800,1
1705442400,1
1705446000,1
1705449600,1
1705453200,1
1705456800,1
1705460400,1
1705464000,1
1705467600,1
1705471200,1
1705474800,1
1705478400,1
1705482000,2
1705485600,2
1705489200,2
1705492800,2
1705496400,2
1705500000,2
1705503600,2
1705507200,1
1705510800,1
1705514400,1
1705518000,1
1705521600,1
1705525200,1
1705528800,1
1705532400,1
1705536000,1
1705539600,1
1705543200,1
1705546800,1
1705550400,1
1705554000,1
1705557600,1
1705561200,1
1705564800,1
1705568400,1
1705572000,1
1705575600,2
1705579200,2
1705582800,2
1705586400,1
1705590000,1
1705593600,1
1705597200,1
1705600800,1
1705604400,1
1705608000,1
1705611600,1
1705615200,1
1705618800,1
1705622400,1
1705626000,1
1705629600,1
1705633200,1
1705636800,1
1705640400,1
1705644000,1
1705647600,1
1705651200,1
1705654800,1
1705658400,1
1705662000,1
1705665600,1
1705669200,1
1705672800,1
1705676400,1
1705680000,1
1705683600,1
1705687200,1
1705690800,2
1705694400,2
1705698000,2
1705701600,2
1705705200,2
1705708800,2
1705712400,2
1705716000,1
1705719600,1
1705723200,1
1705726800,1
1705730400,1
1705734000,1
1705737600,1
1705741200,1
1705744800,1
1705748400,1
1705752000,1
1705755600,2
1705759200,2
1705762800,2
1705766400,1
1705770000,1
1705773600,1
1705777200,1
1705780800,1
1705784400,1
1705788000,2
1705791600,2
1705795200,2
1705798800,2
1705802400,1
1705806000,1
1705809600,1
1705813200,1
1705816800,1
1705820400,1
1705824000,1
1705827600,1
1705831200,1
1705834800,1
1705838400,1
1705842000,1
1705845600,1
1705849200,1
1705852800,1
1705856400,1
1705860000,1
1705863600,1
1705867200,1
1705870800,1
1705874400,1
1705878000,1
1705881600,1
1705885200,1
1705888800,1
1705892400,1
1705896000,1
1705899600,1
1705903200,1
1705906800,1
1705910400,1
1705914000,1
1705917600,1
1705921200,1
1705924800,1
1705928400,1
1705932000,1
1705935600,1
1705939200,1
1705942800,1
1705946400,1
1705950000,1
1705953600,1
1705957200,1
1705960800,1
1705964400,1
1705968000,1
1705971600,1
1705975200,1
1705978800,1
1705982400,1
1705986000,1
1705989600,1
1705993200,1
1705996800,1
1706000400,1
1706004000,1
1706007600,1
1706011200,1
1706014800,1
1706018400,1
1706022000,1
1706025600,1
1706029200,1
1706032800,1
1706036400,1
1706040000,1
1706043600,1
1706047200,1
1706050800,1
1706054400,1
1706058000,1
1706061600,1
1706065200,1
1706068800,1
1706072400,1
1706076000,1
1706079600,1
1706083200,1
1706086800,1
1706090400,1
1706094000,1
1706097600,1
1706101200,1
1706104800,1
1706108400,1
1706112000,1
1706115600,1
1706119200,1
1706122800,1
1706126400,1
1706130000,1
1706133600,1
1706137200,1
1706140800,1
1706144400,1
1706148000,1
1706151600,1
1706155200,1
1706158800,1
1706162400,1
1706166000,1
1706169600,1
1706173200,1
1706176800,1
1706180400,1
1706184000,1
1706187600,2
1706191200,1
1706194800,1
1706198400,1
1706202000,1
1706205600,1
1706209200,1
1706212800,1
1706216400,1
1706220000,1
1706223600,1
1706227200,1
1706230800,1
1706234400,1
1706238000,1
1706241600,1
1706245200,1
1706248800,1
1706252400,1
1706256000,1
1706259600,1
1706263200,1
1706266800,1
1706270400,1
1706274000,1
1706277600,1
1706281200,1
1706284800,1
1706288400,1
1706292000,1
1706295600,1
1706299200,1
1706302800,1
1706306400,1
1706310000,1
1706313600,1
1706317200,1
1706320800,1
1706324400,1
1706328000,1
1706331600,1
1706335200,1
1706338800,1
1706342400,1
1706346000,1
1706349600,1
1706353200,1
1706356800,1
1706360400,1
1706364000,1
1706367600,1
1706371200,1
1706374800,1
1706378400,1
1706382000,1
1706385600,1
1706389200,1
1706392800,1
1706396400,1
1706400000,1
1706403600,1
1706407200,1
1706410800,1
1706414400,2
1706418000,2
1706421600,2
1706425200,2
1706428800,2
1706432400,2
1706436000,1
1706439600,1
1706443200,1
1706446800,1
1706450400,1
1706454000,2
1706457600,2
1706461200,2
1706464800,2
1706468400,2
1706472000,1
1706475600,1
1706479200,1
1706482800,1
1706486400,1
1706490000,1
1706493600,1
1706497200,1
1706500800,1
1706504400,1
1706508000,2
1706511600,2
1706515200,2
1706518800,2
1706522400,2
1706526000,2
1706529600,2
1706533200,2
1706536800,2
1706540400,2
1706544000,2
1706547600,3
1706551200,4
1706554800,4
1706558400,4
1706562000,4
1706565600,3
1706569200,2
1706572800,2
1706576400,1
1706580000,1
1706583600,1
1706587200,1
1706590800,1
1706594400,1
1706598000,1
1706601600,1
1706605200,1
1706608800,1
1706612400,1
1706616000,1
1706619600,1
1706623200,1
1706626800,1
1706630400,1
1706634000,1
1706637600,1
1706641200,1
1706644800,1
1706648400,1
1706652000,1
1706655600,1
1706659200,1
1706662800,1
1706666400,1
1706670000,1
1706673600,1
1706677200,1
1706680800,1
1706684400,1
1706688000,1
1706691600,1
1706695200,1
1706698800,1
1706702400,1
1706706000,1
1706709600,1
1706713200,1
1706716800,1
1706720400,1
1706724000,1
1706727600,1
1706731200,1
1706734800,1
1706738400,1
1706742000,1
1706745600,1
1706749200,1
1706752800,2
1706756400,2
1706760000,2
1706763600,2
1706767200,2
1706770800,2
1706774400,2
1706778000,2
1706781600,2
1706785200,2
1706788800,2
1706792400,2
1706796000,2
1706799600,1
1706803200,1
1706806800,1
1706810400,1
1706814000,2
1706817600,1
1706821200,1
1706824800,1
1706828400,1
1706832000,1
1706835600,1
1706839200,1
1706842800,1
1706846400,1
1706850000,1
1706853600,1
1706857200,2
1706860800,2
1706864400,1
1706868000,2
1706871600,1
1706875200,1
1706878800,1
1706882400,1
1706886000,1
1706889600,1
1706893200,1
1706896800,1
1706900400,1
1706904000,1
1706907600,1
1706911200,1
1706914800,2
1706918400,1
1706922000,1
1706925600,1
1706929200,2
1706932800,2
1706936400,2
1706940000,1
1706943600,1
1706947200,1
1706950800,1
1706954400,1
1706958000,1
1706961600,1
1706965200,1
1706968800,1
1706972400,1
1706976000,1
1706979600,1
1706983200,1
1706986800,1
1706990400,1
1706994000,1
1706997600,1
1707001200,2
1707004800,2
1707008400,2
1707012000,2
1707015600,2
1707019200,2
1707022800,2
1707026400,1
1707030000,1
1707033600,1
1707037200,1
1707040800,1
1707044400,2
1707048000,2
1707051600,2
1707055200,2
1707058800,2
1707062400,2
1707066000,1
1707069600,1
1707073200,1
1707076800,2
1707080400,2
1707084000,2
1707087600,2
1707091200,2
1707094800,2
1707098400,2
1707102000,2
1707105600,2
1707109200,2
1707112800,2
1707116400,2
1707120000,2
1707123600,2
1707127200,2
1707130800,2
1707134400,2
1707138000,2
1707141600,2
1707145200,2
1707148800,2
1707152400,2
1707156000,1
1707159600,2
1707163200,1
1707166800,1
1707170400,1
1707174000,1
1707177600,2
1707181200,2
1707184800,2
1707188400,1
1707192000,2
1707195600,2
1707199200,1
1707202800,1
1707206400,1
1707210000,2
1707213600,2
1707217200,1
1707220800,1
1707224400,1
1707228000,1
1707231600,1
1707235200,1
1707238800,1
1707242400,1
1707246000,1
1707249600,1
1707253200,1
1707256800,1
1707260400,1
1707264000,1
1707267600,1
1707271200,1
1707274800,1
1707278400,2
1707282000,2
1707285600,2
1707289200,2
1707292800,2
1707296400,2
1707300000,2
1707303600,2
1707307200,2
1707310800,2
1707314400,2
1707318000,2
1707321600,2
1707325200,2
1707328800,2
1707332400,2
1707336000,2
1707339600,1
1707343200,1
1707346800,1
1707350400,2
1707354000,2
1707357600,2
1707361200,1
1707364800,1
1707368400,1
1707372000,1
1707375600,1
1707379200,1
1707382800,1
1707386400,1
1707390000,1
1707393600,1
1707397200,1
1707400800,1
1707404400,2
1707408000,2
1707411600,2
1707415200,2
1707418800,2
1707422400,1
1707426000,1
1707429600,1
1707433200,1
1707436800,1
1707440400,1
1707444000,1
1707447600,1
1707451200,1
1707454800,1
1707458400,1
1707462000,1
1707465600,1
1707469200,1
1707472800,1
1707476400,1
1707480000,1
1707483600,1
1707487200,1
1707490800,1
1707494400,1
1707498000,1
1707501600,1
1707505200,1
1707508800,1
1707512400,1
1707516000,1
1707519600,1
1707523200,1
1707526800,1
1707530400,1
1707534000,1
1707537600,1
1707541200,1
1707544800,1
1707548400,1
1707552000,1
1707555600,1
1707559200,1
1707562800,1
1707566400,1
1707570000,1
1707573600,1
1707577200,1
1707580800,1
1707584400,1
1707588000,1
1707591600,1
1707595200,1
1707598800,1
1707602400,1
1707606000,1
1707609600,1
1707613200,1
1707616800,1
1707620400,1
1707624000,1
1707627600,2
1707631200,2
1707634800,2
1707638400,2
1707642000,2
1707645600,1
1707649200,1
1707652800,1
1707656400,1
1707660000,1
1707663600,1
1707667200,1
1707670800,1
1707674400,1
1707678000,1
1707681600,1
1707685200,1
1707688800,1
1707692400,2
1707696000,2
1707699600,2
1707703200,2
1707706800,2
1707710400,2
1707714000,2
1707717600,2
1707721200,2
1707724800,2
1707728400,2
1707732000,1
1707735600,1
1707739200,1
1707742800,1
1707746400,1
1707750000,1
1707753600,1
1707757200,1
1707760800,1
1707764400,1
1707768000,1
1707771600,1
1707775200,1
1707778800,1
1707782400,1
1707786000,1
1707789600,1
1707793200,1
1707796800,1
1707800400,1
1707804000,1
1707807600,1
1707811200,1
1707814800,1
1707818400,1
1707822000,1
1707825600,1
1707829200,2
1707832800,2
1707836400,2
1707840000,2
1707843600,2
1707847200,2
1707850800,2
1707854400,2
1707858000,2
1707861600,2
1707865200,2
1707868800,2
1707872400,2
1707876000,2
1707879600,2
1707883200,1
1707886800,2
1707890400,2
1707894000,2
1707897600,2
1707901200,2
1707904800,1
1707908400,2
1707912000,2
1707915600,1
1707919200,1
1707922800,1
1707926400,1
1707930000,1
1707933600,2
1707937200,2
1707940800,2
1707944400,1
1707948000,1
1707951600,1
1707955200,1
1707958800,1
1707962400,1
1707966000,1
1707969600,1
1707973200,1
1707976800,2
1707980400,2
1707984000,1
1707987600,1
1707991200,1
1707994800,1
1707998400,1
1708002000,1
1708005600,1
1708009200,1
1708012800,1
1708016400,1
1708020000,2
1708023600,2
1708027200,2
1708030800,2
1708034400,2
1708038000,2
1708041600,2
1708045200,2
1708048800,2
1708052400,2
1708056000,2
1708059600,2
1708063200,1
1708066800,1
1708070400,1
1708074000,1
1708077600,1
1708081200,1
1708084800,1
1708088400,1
1708092000,1
1708095600,1
1708099200,1
1708102800,1
1708106400,1
1708110000,1
1708113600,1
1708117200,1
1708120800,1
1708124400,1
1708128000,1
1708131600,1
1708135200,2
1708138800,2
1708142400,2
1708146000,2
1708149600,2
1708153200,2
1708156800,2
1708160400,2
1708164000,2
1708167600,2
1708171200,2
1708174800,2
1708178400,2
1708182000,2
1708185600,2
1708189200,2
1708192800,2
1708196400,2
1708200000,2
1708203600,2
1708207200,2
1708210800,2
1708214400,1
1708218000,1
1708221600,1
1708225200,1
1708228800,1
1708232400,1
1708236000,1
1708239600,1
1708243200,1
1708246800,1
1708250400,1
1708254000,1
1708257600,1
1708261200,1
1708264800,1
1708268400,1
1708272000,1
1708275600,1
1708279200,1
1708282800,1
1708286400,1
1708290000,1
1708293600,1
1708297200,1
1708300800,1
1708304400,1
1708308000,1
1708311600,1
1708315200,1
1708318800,1
1708322400,2
1708326000,2
1708329600,2
1708333200,2
1708336800,1
1708340400,2
1708344000,2
1708347600,2
1708351200,1
1708354800,1
1708358400,1
1708362000,1
1708365600,1
1708369200,1
1708372800,1
1708376400,1
1708380000,1
1708383600,1
1708387200,2
1708390800,2
1708394400,2
1708398000,2
1708401600,1
1708405200,1
1708408800,1
1708412400,1
1708416000,2
1708419600,1
1708423200,1
1708426800,1
1708430400,1
1708434000,1
1708437600,2
1708441200,1
1708444800,1
1708448400,2
1708452000,1
1708455600,1
1708459200,1
1708462800,1
1708466400,1
1708470000,1
1708473600,1
1708477200,1
1708480800,1
1708484400,1
1708488000,1
1708491600,1
1708495200,1
1708498800,1
1708502400,1
1708506000,1
1708509600,1
1708513200,1
1708516800,1
1708520400,1
1708524000,1
1708527600,1
1708531200,2
1708534800,2
1708538400,2
1708542000,2
1708545600,2
1708549200,1
1708552800,1
1708556400,1
1708560000,1
1708563600,1
1708567200,1
1708570800,1
1708574400,1
1708578000,1
1708581600,1
1708585200,1
1708588800,1
1708592400,1
1708596000,1
1708599600,2
1708603200,2
1708606800,2
1708610400,2
1708614000,1
1708617600,1
1708621200,1
1708624800,1
1708628400,2
1708632000,1
1708635600,1
1708639200,1
1708642800,1
1708646400,1
1708650000,1
1708653600,1
1708657200,1
1708660800,1
1708664400,1
1708668000,1
1708671600,1
1708675200,1
1708678800,1
1708682400,1
1708686000,1
1708689600,2
1708693200,1
1708696800,1
1708700400,1
1708704000,1
1708707600,1
1708711200,1
1708714800,2
1708718400,2
1708722000,2
1708725600,2
1708729200,2
1708732800,2
1708736400,2
1708740000,2
1708743600,2
1708747200,2
1708750800,2
1708754400,2
1708758000,1
1708761600,2
1708765200,2
1708768800,2
1708772400,2
1708776000,2
1708779600,2
1708783200,2
1708786800,2
1708790400,2
1708794000,2
1708797600,2
1708801200,2
1708804800,2
1708808400,2
1708812000,2
1708815600,2
1708819200,2
1708822800,2
1708826400,2
1708830000,1
1708833600,2
1708837200,1
1708840800,2
1708844400,2
1708848000,2
1708851600,2
1708855200,1
1708858800,1
1708862400,2
1708866000,2
1708869600,2
1708873200,2
1708876800,1
1708880400,2
1708884000,2
1708887600,2
1708891200,2
1708894800,2
1708898400,2
1708902000,2
1708905600,2
1708909200,2
1708912800,2
1708916400,2
1708920000,2
1708923600,2
1708927200,2
1708930800,2
1708934400,2
1708938000,2
1708941600,2
1708945200,2
1708948800,2
1708952400,2
1708956000,2
1708959600,2
1708963200,2
1708966800,2
1708970400,2
1708974000,2
1708977600,2
1708981200,2
1708984800,2
1708988400,2
1708992000,2
1708995600,2
1708999200,2
1709002800,2
1709006400,2
1709010000,2
1709013600,2
1709017200,2
1709020800,2
1709024400,2
1709028000,2
1709031600,2
1709035200,2
1709038800,2
1709042400,2
1709046000,2
1709049600,2
1709053200,2
1709056800,2
1709060400,2
1709064000,2
1709067600,2
1709071200,2
1709074800,2
1709078400,2
1709082000,2
1709085600,2
1709089200,2
1709092800,2
1709096400,2
1709100000,3
1709103600,3
1709107200,3
1709110800,2
1709114400,2
1709118000,2
1709121600,2
1709125200,2
1709128800,2
1709132400,2
1709136000,2
1709139600,2
1709143200,2
1709146800,2
1709150400,2
1709154000,2
1709157600,2
1709161200,2
1709164800,2
1709168400,2
1709172000,2
1709175600,2
1709179200,2
1709182800,2
1709186400,2
1709190000,2
1709193600,2
1709197200,2
1709200800,2
1709204400,2
1709208000,2
1709211600,2
1709215200,2
1709218800,2
1709222400,2
1709226000,2
1709229600,2
1709233200,3
1709236800,3
1709240400,3
1709244000,3
1709247600,3
1709251200,3
1709254800,3
1709258400,3
1709262000,3
1709265600,3
1709269200,3
1709272800,4
1709276400,4
1709280000,4
1709283600,4
1709287200,4
1709290800,4
1709294400,4
1709298000,4
1709301600,4
1709305200,4
1709308800,4
1709312400,4
1709316000,4
1709319600,4
1709323200,4
1709326800,4
1709330400,4
1709334000,4
1709337600,4
1709341200,4
1709344800,4
1709348400,4
1709352000,4
1709355600,4
1709359200,4
1709362800,4
1709366400,4
1709370000,4
1709373600,4
1709377200,4
1709380800,4
1709384400,4
1709388000,4
1709391600,4
1709395200,4
1709398800,2
1709402400,2
1709406000,2
1709409600,2
1709413200,2
1709416800,2
1709420400,2
1709424000,2
1709427600,2
1709431200,2
1709434800,2
1709438400,2
1709442000,2
1709445600,2
1709449200,2
1709452800,2
1709456400,2
1709460000,2
1709463600,2
1709467200,2
1709470800,2
1709474400,2
1709478000,2
1709481600,2
1709485200,2
1709488800,2
1709492400,2
1709496000,2
1709499600,1
1709503200,1
1709506800,1
1709510400,1
1709514000,1
1709517600,1
1709521200,1
1709524800,2
1709528400,2
1709532000,2
1709535600,2
1709539200,2
1709542800,2
1709546400,2
1709550000,2
1709553600,2
1709557200,2
1709560800,2
1709564400,3
1709568000,3
1709571600,3
1709575200,2
1709578800,2
1709582400,2
1709586000,2
1709589600,2
1709593200,3
1709596800,3
1709600400,4
1709604000,4
1709607600,4
1709611200,4
1709614800,4
1709618400,4
1709622000,4
1709625600,3
1709629200,3
1709632800,4
1709636400,3
1709640000,3
1709643600,3
1709647200,2
1709650800,2
1709654400,2
1709658000,4
1709661600,4
1709665200,4
1709668800,4
1709672400,4
1709676000,4
1709679600,4
1709683200,2
1709686800,2
1709690400,2
1709694000,2
1709697600,2
1709701200,2
1709704800,2
1709708400,2
1709712000,2
1709715600,2
1709719200,2
1709722800,2
1709726400,2
1709730000,2
1709733600,2
1709737200,2
1709740800,2
1709744400,1
1709748000,1
1709751600,1
1709755200,1
1709758800,1
1709762400,1
1709766000,1
1709769600,1
1709773200,1
1709776800,1
1709780400,1
1709784000,2
1709787600,2
1709791200,2
1709794800,2
1709798400,2
1709802000,2
1709805600,2
1709809200,2
1709812800,2
1709816400,2
1709820000,2
1709823600,2
1709827200,2
1709830800,2
1709834400,2
1709838000,2
1709841600,1
1709845200,1
1709848800,1
1709852400,1
1709856000,1
1709859600,2
1709863200,2
1709866800,2
1709870400,1
1709874000,1
1709877600,1
1709881200,1
1709884800,1
1709888400,1
1709892000,2
1709895600,2
1709899200,2
1709902800,2
1709906400,2
1709910000,1
1709913600,1
1709917200,2
1709920800,2
1709924400,2
1709928000,2
1709931600,2
1709935200,2
1709938800,2
1709942400,2
1709946000,2
1709949600,2
1709953200,2
1709956800,2
1709960400,3
1709964000,3
1709967600,4
1709971200,4
1709974800,4
1709978400,2
1709982000,2
1709985600,1
1709989200,1
1709992800,1
1709996400,1
1710000000,1
1710003600,1
1710007200,1
1710010800,1
1710014400,2
1710018000,2
1710021600,2
1710025200,2
1710028800,2
1710032400,1
1710036000,1
1710039600,1
1710043200,1
1710046800,1
1710050400,2
1710054000,2
1710057600,2
1710061200,2
1710064800,2
1710068400,2
1710072000,2
1710075600,2
1710079200,2
1710082800,2
1710086400,2
1710090000,1
1710093600,2
1710097200,1
1710100800,1
1710104400,1
1710108000,1
1710111600,1
1710115200,1
1710118800,1
1710122400,1
1710126000,1
1710129600,1
1710133200,1
1710136800,1
1710140400,1
1710144000,1
1710147600,1
1710151200,1
1710154800,2
1710158400,2
1710162000,2
1710165600,2
1710169200,2
1710172800,2
1710176400,2
1710180000,2
1710183600,2
1710187200,2
1710190800,2
1710194400,2
1710198000,2
1710201600,1
1710205200,1
1710208800,2
1710212400,2
1710216000,2
1710219600,2
1710223200,2
1710226800,2
1710230400,2
1710234000,2
1710237600,2
1710241200,2
1710244800,2
1710248400,2
1710252000,2
1710255600,2
1710259200,2
1710262800,2
1710266400,2
1710270000,2
1710273600,2
1710277200,2
1710280800,2
1710284400,2
1710288000,2
1710291600,2
1710295200,2
1710298800,2
1710302400,2
1710306000,2
1710309600,2
1710313200,2
1710316800,2
1710320400,2
1710324000,2
1710327600,2
1710331200,2
1710334800,2
1710338400,2
1710342000,2
1710345600,2
1710349200,2
1710352800,2
1710356400,2
1710360000,2
1710363600,2
1710367200,2
1710370800,2
1710374400,1
1710378000,1
1710381600,1
1710385200,1
1710388800,1
1710392400,1
1710396000,1
1710399600,1
1710403200,1
1710406800,1
1710410400,1
1710414000,1
1710417600,1
1710421200,1
1710424800,1
1710428400,1
1710432000,1
1710435600,2
1710439200,3
1710442800,3
1710446400,3
1710450000,3
1710453600,2
1710457200,2
1710460800,2
1710464400,2
1710468000,2
1710471600,2
1710475200,2
1710478800,2
1710482400,2
1710486000,2
1710489600,2
1710493200,2
1710496800,2
1710500400,2
1710504000,1
1710507600,1
1710511200,1
1710514800,1
1710518400,1
1710522000,1
1710525600,2
1710529200,2
1710532800,2
1710536400,2
1710540000,2
1710543600,2
1710547200,2
1710550800,2
1710554400,2
1710558000,2
1710561600,2
1710565200,2
1710568800,2
1710572400,2
1710576000,2
1710579600,2
1710583200,2
1710586800,2
1710590400,2
1710594000,2
1710597600,2
1710601200,2
1710604800,1
1710608400,1
1710612000,1
1710615600,1
1710619200,1
1710622800,1
1710626400,2
1710630000,2
1710633600,2
1710637200,2
1710640800,2
1710644400,2
1710648000,2
1710651600,2
1710655200,1
1710658800,1
1710662400,1
1710666000,1
1710669600,1
1710673200,2
1710676800,2
1710680400,2
1710684000,1
1710687600,2
1710691200,2
1710694800,2
1710698400,1
1710702000,1
1710705600,1
1710709200,1
1710712800,1
1710716400,1
1710720000,2
1710723600,2
1710727200,2
1710730800,1
1710734400,1
1710738000,1
1710741600,1
1710745200,1
1710748800,1
1710752400,1
1710756000,1
1710759600,1
1710763200,1
1710766800,1
1710770400,1
1710774000,1
1710777600,1
1710781200,1
1710784800,1
1710788400,1
1710792000,1
1710795600,1
1710799200,1
1710802800,1
1710806400,1
1710810000,1
1710813600,1
1710817200,1
1710820800,1
1710824400,1
1710828000,1
1710831600,1
1710835200,1
1710838800,1
1710842400,1
1710846000,1
1710849600,1
1710853200,1
1710856800,2
1710860400,2
1710864000,1
1710867600,2
1710871200,2
1710874800,2
1710878400,2
1710882000,2
1710885600,1
1710889200,1
1710892800,1
1710896400,1
1710900000,1
1710903600,1
1710907200,1
1710910800,1
1710914400,1
1710918000,1
1710921600,1
1710925200,1
1710928800,1
1710932400,1
1710936000,1
1710939600,1
1710943200,1
1710946800,1
1710950400,1
1710954000,1
1710957600,1
1710961200,1
1710964800,1
1710968400,1
1710972000,1
1710975600,1
1710979200,1
1710982800,1
1710986400,1
1710990000,1
1710993600,1
1710997200,1
1711000800,1
1711004400,1
1711008000,1
1711011600,1
1711015200,2
1711018800,2
1711022400,2
1711026000,2
1711029600,2
1711033200,2
1711036800,1
1711040400,2
1711044000,2
1711047600,2
1711051200,2
1711054800,2
1711058400,2
1711062000,2
1711065600,2
1711069200,2
1711072800,2
1711076400,2
1711080000,2
1711083600,2
1711087200,2
1711090800,2
1711094400,2
1711098000,2
1711101600,2
1711105200,2
1711108800,2
1711112400,2
1711116000,1
1711119600,2
1711123200,1
1711126800,2
1711130400,2
1711134000,2
1711137600,2
1711141200,2
1711144800,2
1711148400,2
1711152000,2
1711155600,2
1711159200,2
1711162800,1
1711166400,2
1711170000,2
1711173600,2
1711177200,2
1711180800,2
1711184400,2
1711188000,2
1711191600,2
1711195200,2
1711198800,2
1711202400,2
1711206000,2
1711209600,1
1711213200,1
1711216800,1
1711220400,1
1711224000,1
1711227600,1
1711231200,2
1711234800,2
1711238400,2
1711242000,2
1711245600,2
1711249200,2
1711252800,2
1711256400,2
1711260000,2
1711263600,2
1711267200,2
1711270800,2
1711274400,2
1711278000,2
1711281600,1
1711285200,1
1711288800,1
1711292400,1
1711296000,1
1711299600,1
1711303200,1
1711306800,1
1711310400,1
1711314000,2
1711317600,1
1711321200,1
1711324800,1
1711328400,1
1711332000,1
1711335600,1
1711339200,1
1711342800,1
1711346400,1
1711350000,1
1711353600,1
1711357200,1
1711360800,2
1711364400,2
1711368000,2
1711371600,2
1711375200,2
1711378800,2
1711382400,1
1711386000,2
1711389600,2
1711393200,2
1711396800,2
1711400400,1
1711404000,2
1711407600,2
1711411200,2
1711414800,2
1711418400,1
1711422000,1
1711425600,1
1711429200,1
1711432800,1
1711436400,1
1711440000,2
1711443600,2
1711447200,2
1711450800,2
1711454400,2
1711458000,2
1711461600,2
1711465200,2
1711468800,1
1711472400,1
1711476000,2
1711479600,2
1711483200,2
1711486800,2
1711490400,2
1711494000,2
1711497600,2
1711501200,2
1711504800,2
1711508400,2
1711512000,2
1711515600,2
1711519200,2
1711522800,2
1711526400,2
1711530000,2
1711533600,2
1711537200,2
1711540800,2
1711544400,2
1711548000,2
1711551600,2
1711555200,2
1711558800,2
1711562400,2
1711566000,1
1711569600,1
1711573200,1
1711576800,1
1711580400,1
1711584000,1
1711587600,1
1711591200,1
1711594800,2
1711598400,2
1711602000,2
1711605600,2
1711609200,2
1711612800,2
1711616400,2
1711620000,2
1711623600,2
1711627200,2
1711630800,2
1711634400,2
1711638000,2
1711641600,2
1711645200,2
1711648800,2
1711652400,2
1711656000,2
1711659600,2
1711663200,2
1711666800,1
1711670400,1
1711674000,1
1711677600,1
1711681200,1
1711684800,1
1711688400,1
1711692000,2
1711695600,2
1711699200,1
1711702800,2
1711706400,2
1711710000,1
1711713600,1
1711717200,1
1711720800,1
1711724400,1
1711728000,1
1711731600,1
1711735200,1
1711738800,1
1711742400,1
1711746000,1
1711749600,1
1711753200,1
1711756800,1
1711760400,1
1711764000,1
1711767600,1
1711771200,1
1711774800,1
1711778400,1
1711782000,1
1711785600,2
1711789200,2
1711792800,2
1711796400,2
1711800000,2
1711803600,2
1711807200,2
1711810800,2
1711814400,2
1711818000,2
1711821600,2
1711825200,2
1711828800,2
1711832400,2
1711836000,2
1711839600,2
1711843200,2
1711846800,2
1711850400,1
1711854000,1
1711857600,2
1711861200,2
1711864800,2
1711868400,2
1711872000,2
1711875600,2
1711879200,2
1711882800,2
1711886400,2
1711890000,2
1711893600,2
1711897200,2
1711900800,2
1711904400,2
1711908000,2
1711911600,2
1711915200,2
1711918800,2
1711922400,2
1711926000,2
1711929600,2
1711933200,2
1711936800,2
1711940400,2
1711944000,4
1711947600,4
1711951200,3
1711954800,4
1711958400,4
1711962000,4
1711965600,4
1711969200,4
1711972800,4
1711976400,4
1711980000,4
1711983600,5
1711987200,5
1711990800,4
1711994400,4
1711998000,4
1712001600,4
1712005200,4
1712008800,4
1712012400,5
1712016000,5
1712019600,4
1712023200,4
1712026800,3
1712030400,2
1712034000,3
1712037600,3
1712041200,3
1712044800,3
1712048400,4
1712052000,4
1712055600,4
1712059200,4
1712062800,4
1712066400,3
1712070000,2
1712073600,2
1712077200,2
1712080800,2
1712084400,2
1712088000,2
1712091600,2
1712095200,2
1712098800,1
1712102400,2
1712106000,2
1712109600,2
1712113200,2
1712116800,2
1712120400,1
1712124000,2
1712127600,1
1712131200,2
1712134800,2
1712138400,2
1712142000,2
1712145600,2
1712149200,2
1712152800,2
1712156400,2
1712160000,2
1712163600,2
1712167200,2
1712170800,2
1712174400,2
1712178000,2
1712181600,2
1712185200,2
1712188800,2
1712192400,2
1712196000,2
1712199600,2
1712203200,1
1712206800,1
1712210400,1
1712214000,1
1712217600,1
1712221200,1
1712224800,1
1712228400,1
1712232000,1
1712235600,2
1712239200,2
1712242800,1
1712246400,1
1712250000,1
1712253600,2
1712257200,2
1712260800,2
1712264400,1
1712268000,1
1712271600,1
1712275200,1
1712278800,1
1712282400,1
1712286000,1
1712289600,1
1712293200,1
1712296800,1
1712300400,1
1712304000,1
1712307600,1
1712311200,2
1712314800,2
1712318400,2
1712322000,2
1712325600,2
1712329200,1
1712332800,1
1712336400,1
1712340000,1
1712343600,1
1712347200,1
1712350800,1
1712354400,1
1712358000,1
1712361600,1
1712365200,1
1712368800,1
1712372400,1
1712376000,1
1712379600,1
1712383200,1
1712386800,1
1712390400,1
1712394000,1
1712397600,2
1712401200,2
1712404800,2
1712408400,2
1712412000,2
1712415600,2
1712419200,2
1712422800,2
1712426400,2
1712430000,1
1712433600,1
1712437200,1
1712440800,1
1712444400,1
1712448000,1
1712451600,1
1712455200,1
1712458800,1
1712462400,1
1712466000,1
1712469600,1
1712473200,1
1712476800,1
1712480400,1
1712484000,2
1712487600,2
1712491200,2
1712494800,2
1712498400,2
1712502000,2
1712505600,1
1712509200,1
1712512800,2
1712516400,2
1712520000,2
1712523600,2
1712527200,1
1712530800,1
1712534400,1
1712538000,1
1712541600,1
1712545200,1
1712548800,1
1712552400,1
1712556000,1
1712559600,1
1712563200,1
1712566800,1
1712570400,2
1712574000,2
1712577600,2
1712581200,2
1712584800,2
1712588400,2
1712592000,1
1712595600,1
1712599200,1
1712602800,1
1712606400,1
1712610000,1
1712613600,1
1712617200,1
1712620800,1
1712624400,2
1712628000,2
1712631600,2
1712635200,2
1712638800,2
1712642400,2
1712646000,2
1712649600,1
1712653200,1
1712656800,2
1712660400,2
1712664000,3
1712667600,3
1712671200,3
1712674800,3
1712678400,2
1712682000,2
1712685600,2
1712689200,2
1712692800,2
1712696400,1
1712700000,1
1712703600,1
1712707200,1
1712710800,1
1712714400,2
1712718000,2
1712721600,2
1712725200,2
1712728800,3
1712732400,3
1712736000,3
1712739600,3
1712743200,3
1712746800,3
1712750400,3
1712754000,3
1712757600,3
1712761200,3
1712764800,2
1712768400,2
1712772000,2
1712775600,3
1712779200,3
1712782800,3
1712786400,2
1712790000,2
1712793600,2
1712797200,3
1712800800,4
1712804400,4
1712808000,4
1712811600,4
1712815200,4
1712818800,2
1712822400,2
1712826000,2
1712829600,1
1712833200,2
1712836800,2
1712840400,2
1712844000,2
1712847600,2
1712851200,2
1712854800,1
1712858400,2
1712862000,2
1712865600,1
1712869200,2
1712872800,2
1712876400,2
1712880000,2
1712883600,1
1712887200,2
1712890800,2
1712894400,1
1712898000,1
1712901600,1
1712905200,2
1712908800,2
1712912400,2
1712916000,2
1712919600,2
1712923200,2
1712926800,2
1712930400,2
1712934000,2
1712937600,2
1712941200,2
1712944800,1
1712948400,1
1712952000,1
1712955600,1
1712959200,1
1712962800,1
1712966400,1
1712970000,1
1712973600,1
1712977200,1
1712980800,1
1712984400,1
1712988000,1
1712991600,2
1712995200,2
1712998800,2
1713002400,2
1713006000,2
1713009600,2
1713013200,2
1713016800,2
1713020400,2
1713024000,2
1713027600,2
1713031200,1
1713034800,1
1713038400,1
1713042000,1
1713045600,1
1713049200,1
1713052800,1
1713056400,1
1713060000,1
1713063600,1
1713067200,1
1713070800,1
1713074400,1
1713078000,1
1713081600,1
1713085200,1
1713088800,2
1713092400,2
1713096000,2
1713099600,2
1713103200,2
1713106800,2
1713110400,2
1713114000,2
1713117600,2
1713121200,2
1713124800,2
1713128400,2
1713132000,2
1713135600,1
1713139200,1
1713142800,1
1713146400,1
1713150000,1
1713153600,1
1713157200,1
1713160800,2
1713164400,1
1713168000,2
1713171600,1
1713175200,2
1713178800,2
1713182400,2
1713186000,2
1713189600,1
1713193200,1
1713196800,2
1713200400,1
1713204000,1
1713207600,1
1713211200,2
1713214800,2
1713218400,2
1713222000,2
1713225600,2
1713229200,1
1713232800,2
1713236400,1
1713240000,1
1713243600,1
1713247200,1
1713250800,1
1713254400,2
1713258000,2
1713261600,1
1713265200,2
1713268800,2
1713272400,2
1713276000,2
1713279600,2
1713283200,2
1713286800,1
1713290400,1
1713294000,1
1713297600,1
1713301200,1
1713304800,1
1713308400,1
1713312000,1
1713315600,1
1713319200,1
1713322800,1
1713326400,2
1713330000,2
1713333600,2
1713337200,2
1713340800,1
1713344400,1
1713348000,1
1713351600,1
1713355200,1
1713358800,1
1713362400,2
1713366000,2
1713369600,2
1713373200,2
1713376800,2
1713380400,2
1713384000,1
1713387600,2
1713391200,2
1713394800,2
1713398400,1
1713402000,2
1713405600,2
1713409200,2
1713412800,2
1713416400,2
1713420000,2
1713423600,1
1713427200,2
1713430800,2
1713434400,2
1713438000,1
1713441600,1
1713445200,1
1713448800,2
1713452400,2
1713456000,2
1713459600,2
1713463200,1
1713466800,1
1713470400,1
1713474000,1
1713477600,1
1713481200,2
1713484800,1
1713488400,2
1713492000,2
1713495600,2
1713499200,1
1713502800,1
1713506400,2
1713510000,1
1713513600,1
1713517200,2
1713520800,1
1713524400,2
1713528000,2
1713531600,2
1713535200,2
1713538800,2
1713542400,2
1713546000,2
1713549600,2
1713553200,2
1713556800,2
1713560400,1
1713564000,2
1713567600,1
1713571200,1
1713574800,1
1713578400,1
1713582000,1
1713585600,1
1713589200,1
1713592800,1
1713596400,1
1713600000,2
1713603600,2
1713607200,3
1713610800,3
1713614400,3
1713618000,3
1713621600,2
1713625200,2
1713628800,2
1713632400,2
1713636000,2
1713639600,2
1713643200,2
1713646800,2
1713650400,2
1713654000,2
1713657600,1
1713661200,2
1713664800,2
1713668400,2
1713672000,2
1713675600,2
1713679200,2
1713682800,2
1713686400,2
1713690000,1
1713693600,1
1713697200,1
1713700800,1
1713704400,1
1713708000,1
1713711600,1
1713715200,1
1713718800,1
1713722400,1
1713726000,1
1713729600,1
1713733200,1
1713736800,1
1713740400,2
1713744000,2
1713747600,2
1713751200,2
1713754800,2
1713758400,2
1713762000,2
1713765600,2
1713769200,2
1713772800,2
1713776400,2
1713780000,2
1713783600,2
1713787200,2
1713790800,2
1713794400,2
1713798000,2
1713801600,1
1713805200,2
1713808800,2
1713812400,2
1713816000,2
1713819600,1
1713823200,1
1713826800,1
1713830400,1
1713834000,1
1713837600,1
1713841200,1
1713844800,1
1713848400,2
1713852000,2
1713855600,1
1713859200,1
1713862800,2
1713866400,2
1713870000,2
1713873600,2
1713877200,2
1713880800,2
1713884400,2
1713888000,2
1713891600,1
1713895200,1
1713898800,1
1713902400,1
1713906000,1
1713909600,1
1713913200,1
1713916800,1
1713920400,2
1713924000,2
1713927600,2
1713931200,2
1713934800,2
1713938400,2
1713942000,2
1713945600,1
1713949200,1
1713952800,1
1713956400,1
1713960000,1
1713963600,1
1713967200,1
1713970800,1
1713974400,1
1713978000,1
1713981600,1
1713985200,1
1713988800,1
1713992400,1
1713996000,1
1713999600,1
1714003200,1
1714006800,1
1714010400,1
1714014000,1
1714017600,1
1714021200,1
1714024800,2
1714028400,1
1714032000,1
1714035600,1
1714039200,2
1714042800,2
1714046400,2
1714050000,2
1714053600,2
1714057200,2
1714060800,2
1714064400,1
1714068000,1
1714071600,1
1714075200,1
1714078800,1
1714082400,1
1714086000,1
1714089600,1
1714093200,1
1714096800,1
1714100400,1
1714104000,1
1714107600,1
1714111200,1
1714114800,2
1714118400,2
1714122000,2
1714125600,2
1714129200,2
1714132800,2
1714136400,2
1714140000,2
1714143600,2
1714147200,2
1714150800,2
1714154400,2
1714158000,2
1714161600,1
1714165200,1
1714168800,1
1714172400,2
1714176000,1
1714179600,1
1714183200,1
1714186800,1
1714190400,1
1714194000,1
1714197600,1
1714201200,2
1714204800,2
1714208400,3
1714212000,2
1714215600,3
1714219200,3
1714222800,3
1714226400,3
1714230000,2
1714233600,2
1714237200,1
1714240800,1
1714244400,1
1714248000,1
1714251600,1
1714255200,1
1714258800,1
1714262400,1
1714266000,1
1714269600,1
1714273200,1
1714276800,1
1714280400,1
1714284000,1
1714287600,2
1714291200,2
1714294800,3
1714298400,3
1714302000,3
1714305600,3
1714309200,3
1714312800,3
1714316400,3
1714320000,2
1714323600,2
1714327200,1
1714330800,1
1714334400,1
1714338000,1
1714341600,1
1714345200,1
1714348800,1
1714352400,1
1714356000,1
1714359600,1
1714363200,1
1714366800,1
1714370400,1
1714374000,1
1714377600,1
1714381200,2
1714384800,2
1714388400,3
1714392000,3
1714395600,3
1714399200,3
1714402800,3
1714406400,2
1714410000,2
1714413600,1
1714417200,1
1714420800,1
1714424400,1
1714428000,2
1714431600,1
1714435200,1
1714438800,1
1714442400,1
1714446000,1
1714449600,1
1714453200,1
1714456800,1
1714460400,2
1714464000,2
1714467600,2
1714471200,3
1714474800,3
1714478400,3
1714482000,3
1714485600,3
1714489200,2
1714492800,2
1714496400,1
1714500000,1
1714503600,1
1714507200,1
1714510800,1
1714514400,1
1714518000,1
1714521600,1
1714525200,1
1714528800,1
1714532400,1
1714536000,1
1714539600,1
1714543200,2
1714546800,2
1714550400,2
1714554000,3
1714557600,3
1714561200,3
1714564800,3
1714568400,3
1714572000,3
1714575600,3
1714579200,2
1714582800,1
1714586400,2
1714590000,2
1714593600,2
1714597200,2
1714600800,1
1714604400,1
1714608000,1
1714611600,1
1714615200,2
1714618800,2
1714622400,2
1714626000,2
1714629600,2
1714633200,2
1714636800,2
1714640400,2
1714644000,3
1714647600,3
1714651200,3
1714654800,3
1714658400,3
1714662000,3
1714665600,2
1714669200,2
1714672800,2
1714676400,2
1714680000,2
1714683600,2
1714687200,2
1714690800,1
1714694400,1
1714698000,1
1714701600,1
1714705200,1
1714708800,1
1714712400,1
1714716000,1
1714719600,2
1714723200,2
1714726800,3
1714730400,3
1714734000,3
1714737600,2
1714741200,2
1714744800,2
1714748400,2
1714752000,2
1714755600,2
1714759200,2
1714762800,2
1714766400,2
1714770000,2
1714773600,2
1714777200,2
1714780800,2
1714784400,2
1714788000,2
1714791600,2
1714795200,2
1714798800,2
1714802400,2
1714806000,2
1714809600,2
1714813200,2
1714816800,3
1714820400,3
1714824000,3
1714827600,3
1714831200,2
1714834800,3
1714838400,2
1714842000,1
1714845600,1
1714849200,1
1714852800,1
1714856400,1
1714860000,1
1714863600,1
1714867200,1
1714870800,2
1714874400,2
1714878000,2
1714881600,2
1714885200,2
1714888800,2
1714892400,2
1714896000,2
1714899600,2
1714903200,2
1714906800,2
1714910400,2
1714914000,2
1714917600,2
1714921200,2
1714924800,2
1714928400,1
1714932000,1
1714935600,1
1714939200,1
1714942800,1
1714946400,1
1714950000,1
1714953600,1
1714957200,1
1714960800,1
1714964400,1
1714968000,1
1714971600,1
1714975200,1
1714978800,1
1714982400,2
1714986000,2
1714989600,3
1714993200,3
1714996800,2
1715000400,2
1715004000,2
1715007600,2
1715011200,2
1715014800,2
1715018400,2
1715022000,2
1715025600,2
1715029200,2
1715032800,2
1715036400,2
1715040000,2
1715043600,2
1715047200,2
1715050800,2
1715054400,2
1715058000,2
1715061600,1
1715065200,1
1715068800,1
1715072400,2
1715076000,1
1715079600,2
1715083200,2
1715086800,2
1715090400,2
1715094000,2
1715097600,2
1715101200,1
1715104800,1
1715108400,1
1715112000,2
1715115600,2
1715119200,2
1715122800,2
1715126400,2
1715130000,1
1715133600,1
1715137200,1
1715140800,1
1715144400,2
1715148000,1
1715151600,2
1715155200,2
1715158800,2
1715162400,2
1715166000,2
1715169600,2
1715173200,2
1715176800,2
1715180400,2
1715184000,2
1715187600,2
1715191200,1
1715194800,1
1715198400,1
1715202000,1
1715205600,1
1715209200,1
1715212800,1
1715216400,2
1715220000,2
1715223600,2
1715227200,2
1715230800,2
1715234400,2
1715238000,2
1715241600,2
1715245200,2
1715248800,2
1715252400,2
1715256000,2
1715259600,2
1715263200,2
1715266800,2
1715270400,2
1715274000,1
1715277600,1
1715281200,1
1715284800,1
1715288400,1
1715292000,1
1715295600,1
1715299200,1
1715302800,1
1715306400,1
1715310000,1
1715313600,1
1715317200,1
1715320800,1
1715324400,2
1715328000,2
1715331600,2
1715335200,2
1715338800,2
1715342400,2
1715346000,2
1715349600,2
1715353200,2
1715356800,2
1715360400,1
1715364000,1
1715367600,1
1715371200,1
1715374800,1
1715378400,1
1715382000,1
1715385600,1
1715389200,1
1715392800,1
1715396400,1
1715400000,1
1715403600,2
1715407200,2
1715410800,1
1715414400,2
1715418000,2
1715421600,2
1715425200,2
1715428800,2
1715432400,3
1715436000,2
1715439600,2
1715443200,2
1715446800,2
1715450400,2
1715454000,2
1715457600,2
1715461200,2
1715464800,2
1715468400,1
1715472000,1
1715475600,1
1715479200,1
1715482800,1
1715486400,1
1715490000,2
1715493600,1
1715497200,2
1715500800,2
1715504400,2
1715508000,2
1715511600,2
1715515200,2
1715518800,2
1715522400,2
1715526000,2
1715529600,2
1715533200,2
1715536800,2
1715540400,2
1715544000,2
1715547600,2
1715551200,2
1715554800,1
1715558400,1
1715562000,1
1715565600,1
1715569200,1
1715572800,1
1715576400,1
1715580000,1
1715583600,2
1715587200,2
1715590800,2
1715594400,2
1715598000,2
1715601600,2
1715605200,2
1715608800,2
1715612400,2
1715616000,2
1715619600,2
1715623200,2
1715626800,2
1715630400,2
1715634000,2
1715637600,2
1715641200,1
1715644800,1
1715648400,1
1715652000,1
1715655600,1
1715659200,1
1715662800,1
1715666400,1
1715670000,2
1715673600,2
1715677200,2
1715680800,2
1715684400,2
1715688000,2
1715691600,2
1715695200,2
1715698800,2
1715702400,2
1715706000,2
1715709600,1
1715713200,2
1715716800,2
1715720400,2
1715724000,2
1715727600,2
1715731200,2
1715734800,1
1715738400,1
1715742000,1
1715745600,1
1715749200,1
1715752800,2
1715756400,2
1715760000,2
1715763600,2
1715767200,2
1715770800,2
1715774400,2
1715778000,3
1715781600,3
1715785200,3
1715788800,3
1715792400,2
1715796000,2
1715799600,2
1715803200,2
1715806800,2
1715810400,2
1715814000,2
1715817600,2
1715821200,2
1715824800,2
1715828400,2
1715832000,1
1715835600,1
1715839200,1
1715842800,2
1715846400,2
1715850000,2
1715853600,2
1715857200,2
1715860800,2
1715864400,2
1715868000,2
1715871600,2
1715875200,1
1715878800,1
1715882400,2
1715886000,2
1715889600,2
1715893200,1
1715896800,1
1715900400,1
1715904000,1
1715907600,1
1715911200,1
1715914800,1
1715918400,1
1715922000,1
1715925600,2
1715929200,2
1715932800,2
1715936400,3
1715940000,3
1715943600,3
1715947200,3
1715950800,3
1715954400,3
1715958000,3
1715961600,2
1715965200,2
1715968800,1
1715972400,1
1715976000,1
1715979600,1
1715983200,1
1715986800,1
1715990400,1
1715994000,1
1715997600,1
1716001200,1
1716004800,1
1716008400,1
1716012000,1
1716015600,2
1716019200,2
1716022800,3
1716026400,3
1716030000,3
1716033600,3
1716037200,3
1716040800,2
1716044400,2
1716048000,2
1716051600,1
1716055200,1
1716058800,1
1716062400,1
1716066000,1
1716069600,1
1716073200,1
1716076800,1
1716080400,2
1716084000,2
1716087600,1
1716091200,1
1716094800,1
1716098400,1
1716102000,1
1716105600,2
1716109200,2
1716112800,3
1716116400,3
1716120000,3
1716123600,3
1716127200,3
1716130800,2
1716134400,2
1716138000,2
1716141600,1
1716145200,1
1716148800,1
1716152400,1
1716156000,1
1716159600,1
1716163200,1
1716166800,1
1716170400,1
1716174000,1
1716177600,1
1716181200,1
1716184800,1
1716188400,2
1716192000,3
1716195600,3
1716199200,3
1716202800,3
1716206400,3
1716210000,3
1716213600,3
1716217200,2
1716220800,2
1716224400,2
1716228000,1
1716231600,1
1716235200,1
1716238800,1
1716242400,1
1716246000,1
1716249600,1
1716253200,1
1716256800,1
1716260400,1
1716264000,1
1716267600,1
1716271200,1
1716274800,1
1716278400,1
1716282000,2
1716285600,2
1716289200,3
1716292800,3
1716296400,3
1716300000,3
1716303600,2
1716307200,2
1716310800,2
1716314400,2
1716318000,1
1716321600,1
1716325200,1
1716328800,1
1716332400,1
1716336000,1
1716339600,1
1716343200,1
1716346800,1
1716350400,1
1716354000,2
1716357600,2
1716361200,2
1716364800,2
1716368400,2
1716372000,2
1716375600,3
1716379200,3
1716382800,3
1716386400,3
1716390000,3
1716393600,2
1716397200,2
1716400800,2
1716404400,2
1716408000,2
1716411600,2
1716415200,1
1716418800,2
1716422400,2
1716426000,2
1716429600,2
1716433200,2
1716436800,1
1716440400,1
1716444000,1
1716447600,2
1716451200,2
1716454800,2
1716458400,3
1716462000,3
1716465600,3
1716469200,3
1716472800,3
1716476400,3
1716480000,3
1716483600,3
1716487200,2
1716490800,2
1716494400,2
1716498000,2
1716501600,2
1716505200,2
1716508800,2
1716512400,2
1716516000,2
1716519600,2
1716523200,2
1716526800,2
1716530400,2
1716534000,2
1716537600,2
1716541200,2
1716544800,2
1716548400,2
1716552000,2
1716555600,2
1716559200,2
1716562800,2
1716566400,2
1716570000,2
1716573600,2
1716577200,2
1716580800,2
1716584400,2
1716588000,2
1716591600,2
1716595200,2
1716598800,2
1716602400,2
1716606000,2
1716609600,2
1716613200,2
1716616800,2
1716620400,2
1716624000,2
1716627600,2
1716631200,2
1716634800,2
1716638400,3
1716642000,3
1716645600,2
1716649200,3
1716652800,2
1716656400,2
1716660000,2
1716663600,1
1716667200,1
1716670800,1
1716674400,1
1716678000,1
1716681600,1
1716685200,1
1716688800,1
1716692400,1
1716696000,1
1716699600,1
1716703200,1
1716706800,2
1716710400,2
1716714000,2
1716717600,2
1716721200,2
1716724800,2
1716728400,2
1716732000,2
1716735600,2
1716739200,2
1716742800,2
1716746400,2
1716750000,1
1716753600,1
1716757200,1
1716760800,1
1716764400,1
1716768000,1
1716771600,1
1716775200,1
1716778800,1
1716782400,1
1716786000,1
1716789600,1
1716793200,1
1716796800,2
1716800400,2
1716804000,2
1716807600,2
1716811200,2
1716814800,2
1716818400,2
1716822000,2
1716825600,1
1716829200,1
1716832800,1
1716836400,1
1716840000,1
1716843600,1
1716847200,1
1716850800,1
1716854400,1
1716858000,1
1716861600,1
1716865200,1
1716868800,1
1716872400,1
1716876000,1
1716879600,1
1716883200,1
1716886800,1
1716890400,2
1716894000,2
1716897600,2
1716901200,2
1716904800,2
1716908400,2
1716912000,1
1716915600,1
1716919200,1
1716922800,1
1716926400,1
1716930000,1
1716933600,1
1716937200,1
1716940800,1
1716944400,2
1716948000,1
1716951600,1
1716955200,1
1716958800,1
1716962400,2
1716966000,2
1716969600,2
1716973200,2
1716976800,2
1716980400,2
1716984000,2
1716987600,2
1716991200,2
1716994800,2
1716998400,2
1717002000,1
1717005600,2
1717009200,1
1717012800,1
1717016400,1
1717020000,1
1717023600,1
1717027200,1
1717030800,1
1717034400,1
1717038000,1
1717041600,1
1717045200,2
1717048800,2
1717052400,2
1717056000,2
1717059600,2
1717063200,2
1717066800,2
1717070400,2
1717074000,2
1717077600,2
1717081200,2
1717084800,2
1717088400,2
1717092000,1
1717095600,1
1717099200,1
1717102800,1
1717106400,1
1717110000,1
1717113600,1
1717117200,1
1717120800,1
1717124400,1
1717128000,1
1717131600,1
1717135200,1
1717138800,2
1717142400,2
1717146000,2
1717149600,2
1717153200,2
1717156800,2
1717160400,2
1717164000,2
1717167600,2
1717171200,1
1717174800,1
1717178400,1
1717182000,1
1717185600,1
1717189200,1
1717192800,1
1717196400,1
1717200000,1
1717203600,1
1717207200,1
1717210800,1
1717214400,1
1717218000,1
1717221600,1
1717225200,1
1717228800,1
1717232400,1
1717236000,2
1717239600,2
1717243200,2
1717246800,2
1717250400,2
1717254000,2
1717257600,2
1717261200,1
1717264800,1
1717268400,1
1717272000,1
1717275600,1
1717279200,1
1717282800,1
1717286400,1
1717290000,1
1717293600,1
1717297200,1
1717300800,1
1717304400,1
1717308000,2
1717311600,2
1717315200,2
1717318800,2
1717322400,2
1717326000,2
1717329600,1
1717333200,1
1717336800,1
1717340400,2
1717344000,1
1717347600,1
1717351200,1
1717354800,1
1717358400,1
1717362000,1
1717365600,1
1717369200,1
1717372800,1
1717376400,1
1717380000,1
1717383600,1
1717387200,1
1717390800,1
1717394400,1
1717398000,2
1717401600,2
1717405200,2
1717408800,2
1717412400,2
1717416000,2
1717419600,2
1717423200,2
1717426800,2
1717430400,1
1717434000,1
1717437600,1
1717441200,1
1717444800,1
1717448400,1
1717452000,1
1717455600,1
1717459200,1
1717462800,1
1717466400,1
1717470000,1
1717473600,1
1717477200,1
1717480800,1
1717484400,2
1717488000,2
1717491600,3
1717495200,2
1717498800,3
1717502400,2
1717506000,2
1717509600,2
1717513200,1
1717516800,1
1717520400,1
1717524000,1
1717527600,1
1717531200,1
1717534800,1
1717538400,1
1717542000,1
1717545600,1
1717549200,1
1717552800,1
1717556400,1
1717560000,1
1717563600,1
1717567200,1
1717570800,1
1717574400,1
1717578000,2
1717581600,1
1717585200,2
1717588800,2
1717592400,2
1717596000,2
1717599600,2
1717603200,2
1717606800,2
1717610400,1
1717614000,1
1717617600,1
1717621200,1
1717624800,1
1717628400,1
1717632000,1
1717635600,1
1717639200,1
1717642800,1
1717646400,1
1717650000,1
1717653600,1
1717657200,1
1717660800,1
1717664400,2
1717668000,2
1717671600,2
1717675200,2
1717678800,2
1717682400,2
1717686000,2
1717689600,2
1717693200,2
1717696800,2
1717700400,1
1717704000,1
1717707600,1
1717711200,1
1717714800,1
1717718400,1
1717722000,1
1717725600,1
1717729200,1
1717732800,1
1717736400,1
1717740000,1
1717743600,2
1717747200,3
1717750800,2
1717754400,2
1717758000,2
1717761600,2
1717765200,2
1717768800,2
1717772400,2
1717776000,2
1717779600,2
1717783200,1
1717786800,1
1717790400,1
1717794000,1
1717797600,1
1717801200,1
1717804800,1
1717808400,1
1717812000,1
1717815600,1
1717819200,1
1717822800,1
1717826400,1
1717830000,1
1717833600,2
1717837200,2
1717840800,2
1717844400,2
1717848000,2
1717851600,2
1717855200,2
1717858800,2
1717862400,2
1717866000,2
1717869600,1
1717873200,1
1717876800,1
1717880400,1
1717884000,1
1717887600,1
1717891200,1
1717894800,1
1717898400,1
1717902000,1
1717905600,1
1717909200,1
1717912800,1
1717916400,2
1717920000,2
1717923600,2
1717927200,2
1717930800,2
1717934400,2
1717938000,2
1717941600,2
1717945200,2
1717948800,2
1717952400,1
1717956000,1
1717959600,1
1717963200,1
1717966800,1
1717970400,1
1717974000,1
1717977600,1
1717981200,1
1717984800,1
1717988400,1
1717992000,1
1717995600,1
1717999200,1
1718002800,1
1718006400,1
1718010000,1
1718013600,1
1718017200,1
1718020800,1
1718024400,1
1718028000,2
1718031600,2
1718035200,1
1718038800,1
1718042400,1
1718046000,1
1718049600,2
1718053200,1
1718056800,1
1718060400,1
1718064000,1
1718067600,2
1718071200,1
1718074800,1
1718078400,1
1718082000,1
1718085600,1
1718089200,1
1718092800,2
1718096400,2
1718100000,1
1718103600,2
1718107200,2
1718110800,2
1718114400,2
1718118000,2
1718121600,1
1718125200,1
1718128800,1
1718132400,1
1718136000,1
1718139600,1
1718143200,1
1718146800,1
1718150400,1
1718154000,1
1718157600,1
1718161200,1
1718164800,1
1718168400,1
1718172000,1
1718175600,1
1718179200,1
1718182800,1
1718186400,1
1718190000,1
1718193600,1
1718197200,1
1718200800,1
1718204400,1
1718208000,1
1718211600,1
1718215200,1
1718218800,1
1718222400,2
1718226000,1
1718229600,1
1718233200,1
1718236800,1
1718240400,1
1718244000,1
1718247600,1
1718251200,1
1718254800,1
1718258400,1
1718262000,1
1718265600,2
1718269200,2
1718272800,2
1718276400,2
1718280000,2
1718283600,2
1718287200,2
1718290800,2
1718294400,2
1718298000,2
1718301600,1
1718305200,1
1718308800,1
1718312400,1
1718316000,1
1718319600,1
1718323200,1
1718326800,1
1718330400,1
1718334000,1
1718337600,1
1718341200,1
1718344800,1
1718348400,1
1718352000,1
1718355600,1
1718359200,2
1718362800,2
1718366400,2
1718370000,2
1718373600,2
1718377200,2
1718380800,1
1718384400,1
1718388000,1
1718391600,1
1718395200,1
1718398800,1
1718402400,1
1718406000,1
1718409600,1
1718413200,1
1718416800,1
1718420400,1
1718424000,1
1718427600,1
1718431200,1
1718434800,1
1718438400,1
1718442000,1
1718445600,1
1718449200,1
1718452800,1
1718456400,1
1718460000,1
1718463600,1
1718467200,1
1718470800,1
1718474400,1
1718478000,1
1718481600,1
1718485200,1
1718488800,1
1718492400,1
1718496000,1
1718499600,1
1718503200,1
1718506800,1
1718510400,1
1718514000,1
1718517600,1
1718521200,1
1718524800,1
1718528400,1
1718532000,1
1718535600,1
1718539200,1
1718542800,1
1718546400,1
1718550000,1
1718553600,1
1718557200,1
1718560800,1
1718564400,1
1718568000,1
1718571600,1
1718575200,1
1718578800,1
1718582400,1
1718586000,1
1718589600,1
1718593200,1
1718596800,1
1718600400,1
1718604000,1
1718607600,1
1718611200,1
1718614800,1
1718618400,2
1718622000,2
1718625600,1
1718629200,1
1718632800,1
1718636400,1
1718640000,1
1718643600,1
1718647200,1
1718650800,1
1718654400,1
1718658000,1
1718661600,1
1718665200,1
1718668800,1
1718672400,1
1718676000,1
1718679600,1
1718683200,1
1718686800,1
1718690400,1
1718694000,1
1718697600,2
1718701200,2
1718704800,2
1718708400,2
1718712000,2
1718715600,2
1718719200,2
1718722800,2
1718726400,1
1718730000,1
1718733600,1
1718737200,1
1718740800,1
1718744400,1
1718748000,1
1718751600,1
1718755200,1
1718758800,1
1718762400,1
1718766000,1
1718769600,1
1718773200,1
1718776800,1
1718780400,1
1718784000,2
1718787600,2
1718791200,2
1718794800,2
1718798400,2
1718802000,2
1718805600,2
1718809200,2
1718812800,2
1718816400,1
1718820000,1
1718823600,1
1718827200,1
1718830800,1
1718834400,1
1718838000,1
1718841600,1
1718845200,1
1718848800,1
1718852400,1
1718856000,1
1718859600,1
1718863200,1
1718866800,1
1718870400,1
1718874000,1
1718877600,2
1718881200,2
1718884800,2
1718888400,2
1718892000,2
1718895600,2
1718899200,2
1718902800,2
1718906400,1
1718910000,1
1718913600,1
1718917200,1
1718920800,1
1718924400,1
1718928000,1
1718931600,1
1718935200,1
1718938800,1
1718942400,1
1718946000,1
1718949600,1
1718953200,2
1718956800,2
1718960400,2
1718964000,2
1718967600,2
1718971200,2
1718974800,2
1718978400,2
1718982000,2
1718985600,2
1718989200,1
1718992800,1
1718996400,1
1719000000,1
1719003600,1
1719007200,1
1719010800,1
1719014400,1
1719018000,1
1719021600,1
1719025200,1
1719028800,1
1719032400,1
1719036000,1
1719039600,2
1719043200,2
1719046800,2
1719050400,2
1719054000,2
1719057600,2
1719061200,2
1719064800,2
1719068400,2
1719072000,2
1719075600,1
1719079200,1
1719082800,1
1719086400,1
1719090000,1
1719093600,1
1719097200,1
1719100800,1
1719104400,1
1719108000,1
1719111600,1
1719115200,1
1719118800,1
1719122400,1
1719126000,1
1719129600,1
1719133200,1
1719136800,1
1719140400,1
1719144000,1
1719147600,1
1719151200,1
1719154800,1
1719158400,1
1719162000,1
1719165600,1
1719169200,1
1719172800,1
1719176400,2
1719180000,1
1719183600,1
1719187200,1
1719190800,1
1719194400,1
1719198000,1
1719201600,1
1719205200,1
1719208800,1
1719212400,2
1719216000,2
1719219600,2
1719223200,2
1719226800,2
1719230400,2
1719234000,1
1719237600,1
1719241200,1
1719244800,1
1719248400,1
1719252000,1
1719255600,1
1719259200,1
1719262800,1
1719266400,1
1719270000,1
1719273600,1
1719277200,1
1719280800,1
1719284400,1
1719288000,1
1719291600,1
1719295200,1
1719298800,2
1719302400,2
1719306000,1
1719309600,1
1719313200,1
1719316800,1
1719320400,2
1719324000,1
1719327600,1
1719331200,1
1719334800,1
1719338400,1
1719342000,1
1719345600,1
1719349200,1
1719352800,1
1719356400,1
1719360000,1
1719363600,1
1719367200,1
1719370800,1
1719374400,1
1719378000,1
1719381600,1
1719385200,1
1719388800,1
1719392400,1
1719396000,2
1719399600,2
1719403200,2
1719406800,2
1719410400,2
1719414000,1
1719417600,1
1719421200,1
1719424800,1
1719428400,1
1719432000,1
1719435600,1
1719439200,1
1719442800,1
1719446400,1
1719450000,1
1719453600,1
1719457200,1
1719460800,1
1719464400,1
1719468000,1
1719471600,1
1719475200,1
1719478800,1
1719482400,1
1719486000,1
1719489600,1
1719493200,1
1719496800,1
1719500400,1
1719504000,1
1719507600,1
1719511200,1
1719514800,1
1719518400,1
1719522000,1
1719525600,1
1719529200,1
1719532800,1
1719536400,1
1719540000,1
1719543600,1
1719547200,1
1719550800,1
1719554400,1
1719558000,1
1719561600,2
1719565200,2
1719568800,2
1719572400,1
1719576000,1
1719579600,1
1719583200,1
1719586800,1
1719590400,1
1719594000,1
1719597600,1
1719601200,1
1719604800,1
1719608400,1
1719612000,1
1719615600,1
1719619200,1
1719622800,1
1719626400,1
1719630000,1
1719633600,1
1719637200,1
1719640800,1
1719644400,2
1719648000,2
1719651600,2
1719655200,2
1719658800,2
1719662400,2
1719666000,2
1719669600,3
1719673200,3
1719676800,3
1719680400,3
1719684000,3
1719687600,2
1719691200,2
1719694800,2
1719698400,2
1719702000,2
1719705600,1
1719709200,1
1719712800,1
1719716400,1
1719720000,1
1719723600,1
1719727200,1
1719730800,1
1719734400,1
1719738000,2
1719741600,2
1719745200,2
1719748800,2
1719752400,2
1719756000,2
1719759600,2
1719763200,2
1719766800,2
1719770400,1
1719774000,1
1719777600,1
1719781200,1
1719784800,1
1719788400,1
1719792000,1
1719795600,1
1719799200,1
1719802800,1
1719806400,1
1719810000,1
1719813600,1
1719817200,1
1719820800,1
1719824400,2
1719828000,2
1719831600,2
1719835200,2
1719838800,2
1719842400,2
1719846000,2
1719849600,2
1719853200,1
1719856800,1
1719860400,1
1719864000,1
1719867600,1
1719871200,1
1719874800,1
1719878400,1
1719882000,1
1719885600,1
1719889200,1
1719892800,1
1719896400,1
1719900000,1
1719903600,1
1719907200,1
1719910800,2
1719914400,2
1719918000,2
1719921600,2
1719925200,2
1719928800,2
1719932400,2
1719936000,2
1719939600,2
1719943200,1
1719946800,1
1719950400,1
1719954000,1
1719957600,1
1719961200,1
1719964800,1
1719968400,1
1719972000,1
1719975600,1
1719979200,1
1719982800,1
1719986400,1
1719990000,1
1719993600,2
1719997200,2
1720000800,2
1720004400,1
1720008000,1
1720011600,1
1720015200,1
1720018800,1
1720022400,1
1720026000,1
1720029600,1
1720033200,1
1720036800,1
1720040400,1
1720044000,1
1720047600,1
1720051200,1
1720054800,1
1720058400,1
1720062000,1
1720065600,1
1720069200,1
1720072800,1
1720076400,1
1720080000,2
1720083600,2
1720087200,2
1720090800,2
1720094400,2
1720098000,2
1720101600,2
1720105200,2
1720108800,2
1720112400,1
1720116000,1
1720119600,1
1720123200,1
1720126800,1
1720130400,1
1720134000,1
1720137600,1
1720141200,1
1720144800,1
1720148400,1
1720152000,1
1720155600,1
1720159200,1
1720162800,1
1720166400,1
1720170000,1
1720173600,1
1720177200,1
1720180800,1
1720184400,2
1720188000,2
1720191600,2
1720195200,2
1720198800,2
1720202400,2
1720206000,1
1720209600,1
1720213200,1
1720216800,1
1720220400,1
1720224000,1
1720227600,1
1720231200,1
1720234800,1
1720238400,1
1720242000,1
1720245600,1
1720249200,2
1720252800,2
1720256400,2
1720260000,2
1720263600,2
1720267200,2
1720270800,2
1720274400,2
1720278000,2
1720281600,2
1720285200,1
1720288800,1
1720292400,1
1720296000,1
1720299600,1
1720303200,1
1720306800,1
1720310400,1
1720314000,1
1720317600,1
1720321200,1
1720324800,1
1720328400,1
1720332000,1
1720335600,1
1720339200,2
1720342800,2
1720346400,2
1720350000,2
1720353600,2
1720357200,2
1720360800,2
1720364400,2
1720368000,2
1720371600,1
1720375200,1
1720378800,1
1720382400,1
1720386000,1
1720389600,1
1720393200,1
1720396800,1
1720400400,1
1720404000,1
1720407600,1
1720411200,1
1720414800,1
1720418400,1
1720422000,2
1720425600,2
1720429200,2
1720432800,3
1720436400,3
1720440000,3
1720443600,3
1720447200,3
1720450800,3
1720454400,3
1720458000,1
1720461600,1
1720465200,1
1720468800,1
1720472400,2
1720476000,2
1720479600,2
1720483200,2
1720486800,1
1720490400,1
1720494000,1
1720497600,1
1720501200,1
1720504800,1
1720508400,2
1720512000,2
1720515600,2
1720519200,2
1720522800,2
1720526400,2
1720530000,2
1720533600,2
1720537200,2
1720540800,2
1720544400,1
1720548000,1
1720551600,1
1720555200,1
1720558800,1
1720562400,1
1720566000,1
1720569600,1
1720573200,1
1720576800,1
1720580400,1
1720584000,1
1720587600,1
1720591200,1
1720594800,1
1720598400,1
1720602000,1
1720605600,1
1720609200,1
1720612800,1
1720616400,1
1720620000,1
1720623600,1
1720627200,1
1720630800,1
1720634400,1
1720638000,1
1720641600,1
1720645200,1
1720648800,1
1720652400,1
1720656000,1
1720659600,1
1720663200,1
1720666800,1
1720670400,1
1720674000,1
1720677600,1
1720681200,1
1720684800,2
1720688400,2
1720692000,2
1720695600,2
1720699200,2
1720702800,2
1720706400,2
1720710000,2
1720713600,2
1720717200,1
1720720800,1
1720724400,1
1720728000,1
1720731600,1
1720735200,1
1720738800,1
1720742400,1
1720746000,1
1720749600,1
1720753200,1
1720756800,1
1720760400,1
1720764000,1
1720767600,1
1720771200,2
1720774800,3
1720778400,3
1720782000,3
1720785600,3
1720789200,3
1720792800,3
1720796400,3
1720800000,2
1720803600,2
1720807200,1
1720810800,1
1720814400,1
1720818000,1
1720821600,1
1720825200,1
1720828800,1
1720832400,1
1720836000,1
1720839600,1
1720843200,1
1720846800,1
1720850400,1
1720854000,1
1720857600,2
1720861200,2
1720864800,3
1720868400,3
1720872000,3
1720875600,3
1720879200,3
1720882800,3
1720886400,2
1720890000,2
1720893600,1
1720897200,1
1720900800,2
1720904400,1
1720908000,1
1720911600,1
1720915200,1
1720918800,1
1720922400,1
1720926000,1
1720929600,1
1720933200,1
1720936800,1
1720940400,1
1720944000,2
1720947600,2
1720951200,3
1720954800,2
1720958400,2
1720962000,2
1720965600,3
1720969200,2
1720972800,2
1720976400,2
1720980000,2
1720983600,2
1720987200,2
1720990800,2
1720994400,2
1720998000,1
1721001600,1
1721005200,1
1721008800,1
1721012400,1
1721016000,2
1721019600,2
1721023200,2
1721026800,2
1721030400,3
1721034000,3
1721037600,3
1721041200,3
1721044800,3
1721048400,3
1721052000,3
1721055600,3
1721059200,3
1721062800,2
1721066400,2
1721070000,2
1721073600,2
1721077200,2
1721080800,2
1721084400,2
1721088000,2
1721091600,2
1721095200,2
1721098800,2
1721102400,2
1721106000,2
1721109600,2
1721113200,2
1721116800,2
1721120400,3
1721124000,3
1721127600,3
1721131200,3
1721134800,3
1721138400,3
1721142000,2
1721145600,2
1721149200,2
1721152800,2
1721156400,1
1721160000,1
1721163600,1
1721167200,1
1721170800,1
1721174400,1
1721178000,1
1721181600,1
1721185200,1
1721188800,1
1721192400,1
1721196000,1
1721199600,2
1721203200,2
1721206800,3
1721210400,3
1721214000,3
1721217600,3
1721221200,3
1721224800,3
1721228400,2
1721232000,1
1721235600,2
1721239200,1
1721242800,1
1721246400,1
1721250000,1
1721253600,1
1721257200,1
1721260800,1
1721264400,2
1721268000,2
1721271600,1
1721275200,1
1721278800,1
1721282400,1
1721286000,2
1721289600,2
1721293200,2
1721296800,2
1721300400,2
1721304000,1
1721307600,1
1721311200,1
1721314800,2
1721318400,2
1721322000,2
1721325600,1
1721329200,2
1721332800,1
1721336400,1
1721340000,1
1721343600,1
1721347200,1
1721350800,1
1721354400,1
1721358000,1
1721361600,1
1721365200,1
1721368800,1
1721372400,1
1721376000,1
1721379600,1
1721383200,2
1721386800,2
1721390400,2
1721394000,2
1721397600,2
1721401200,2
1721404800,2
1721408400,2
1721412000,2
1721415600,1
1721419200,1
1721422800,1
1721426400,1
1721430000,1
1721433600,1
1721437200,1
1721440800,1
1721444400,1
1721448000,1
1721451600,1
1721455200,1
1721458800,2
1721462400,2
1721466000,2
1721469600,2
1721473200,2
1721476800,2
1721480400,2
1721484000,2
1721487600,2
1721491200,1
1721494800,1
1721498400,1
1721502000,1
1721505600,1
1721509200,1
1721512800,1
1721516400,1
1721520000,1
1721523600,1
1721527200,1
1721530800,1
1721534400,1
1721538000,1
1721541600,1
1721545200,2
1721548800,2
1721552400,2
1721556000,2
1721559600,2
1721563200,2
1721566800,2
1721570400,2
1721574000,2
1721577600,1
1721581200,1
1721584800,1
1721588400,1
1721592000,1
1721595600,1
1721599200,1
1721602800,1
1721606400,1
1721610000,1
1721613600,1
1721617200,1
1721620800,1
1721624400,1
1721628000,2
1721631600,1
1721635200,2
1721638800,1
1721642400,2
1721646000,1
1721649600,1
1721653200,2
1721656800,2
1721660400,1
1721664000,1
1721667600,1
1721671200,1
1721674800,1
1721678400,1
1721682000,1
1721685600,1
1721689200,1
1721692800,1
1721696400,1
1721700000,1
1721703600,1
1721707200,1
1721710800,1
1721714400,1
1721718000,1
1721721600,1
1721725200,1
1721728800,2
1721732400,2
1721736000,2
1721739600,2
1721743200,1
1721746800,1
1721750400,2
1721754000,1
1721757600,2
1721761200,2
1721764800,1
1721768400,1
1721772000,2
1721775600,1
1721779200,1
1721782800,1
1721786400,1
1721790000,1
1721793600,1
1721797200,1
1721800800,1
1721804400,1
1721808000,1
1721811600,1
1721815200,1
1721818800,1
1721822400,1
1721826000,1
1721829600,1
1721833200,1
1721836800,1
1721840400,1
1721844000,1
1721847600,1
1721851200,1
1721854800,1
1721858400,1
1721862000,1
1721865600,1
1721869200,1
1721872800,1
1721876400,1
1721880000,1
1721883600,1
1721887200,1
1721890800,1
1721894400,2
1721898000,2
1721901600,2
1721905200,2
1721908800,2
1721912400,2
1721916000,2
1721919600,2
1721923200,2
1721926800,1
1721930400,1
1721934000,1
1721937600,1
1721941200,1
1721944800,1
1721948400,1
1721952000,1
1721955600,1
1721959200,1
1721962800,1
1721966400,1
1721970000,1
1721973600,1
1721977200,1
1721980800,1
1721984400,1
1721988000,1
1721991600,2
1721995200,2
1721998800,2
1722002400,2
1722006000,2
1722009600,1
1722013200,1
1722016800,1
1722020400,1
1722024000,1
1722027600,1
1722031200,1
1722034800,1
1722038400,1
1722042000,1
1722045600,1
1722049200,1
1722052800,1
1722056400,1
1722060000,1
1722063600,2
1722067200,2
1722070800,3
1722074400,2
1722078000,2
1722081600,2
1722085200,2
1722088800,2
1722092400,2
1722096000,2
1722099600,2
1722103200,1
1722106800,1
1722110400,1
1722114000,1
1722117600,1
1722121200,1
1722124800,1
1722128400,1
1722132000,1
1722135600,1
1722139200,1
1722142800,1
1722146400,1
1722150000,1
1722153600,1
1722157200,1
1722160800,2
1722164400,2
1722168000,2
1722171600,2
1722175200,2
1722178800,2
1722182400,1
1722186000,1
1722189600,1
1722193200,1
1722196800,1
1722200400,1
1722204000,1
1722207600,1
1722211200,2
1722214800,2
1722218400,2
1722222000,2
1722225600,2
1722229200,2
1722232800,2
1722236400,2
1722240000,2
1722243600,2
1722247200,2
1722250800,2
1722254400,2
1722258000,2
1722261600,2
1722265200,2
1722268800,2
1722272400,2
1722276000,2
1722279600,2
1722283200,2
1722286800,2
1722290400,1
1722294000,1
1722297600,1
1722301200,1
1722304800,1
1722308400,1
1722312000,1
1722315600,1
1722319200,1
1722322800,1
1722326400,1
1722330000,1
1722333600,1
1722337200,1
1722340800,1
1722344400,1
1722348000,1
1722351600,1
1722355200,1
1722358800,1
1722362400,1
1722366000,1
1722369600,1
1722373200,1
1722376800,1
1722380400,1
1722384000,1
1722387600,1
1722391200,1
1722394800,1
1722398400,1
1722402000,1
1722405600,1
1722409200,1
1722412800,2
1722416400,2
1722420000,1
1722423600,2
1722427200,2
1722430800,2
1722434400,2
1722438000,2
1722441600,2
1722445200,2
1722448800,1
1722452400,1
1722456000,1
1722459600,1
1722463200,1
1722466800,1
1722470400,1
1722474000,1
1722477600,1
1722481200,1
1722484800,1
1722488400,1
1722492000,1
1722495600,1
1722499200,1
1722502800,2
1722506400,2
1722510000,2
1722513600,2
1722517200,2
1722520800,3
1722524400,2
1722528000,2
1722531600,2
1722535200,2
1722538800,1
1722542400,1
1722546000,1
1722549600,1
1722553200,1
1722556800,1
1722560400,1
1722564000,1
1722567600,1
1722571200,1
1722574800,1
1722578400,1
1722582000,2
1722585600,3
1722589200,3
1722592800,3
1722596400,3
1722600000,3
1722603600,3
1722607200,3
1722610800,2
1722614400,2
1722618000,2
1722621600,2
1722625200,2
1722628800,1
1722632400,1
1722636000,1
1722639600,1
1722643200,1
1722646800,1
1722650400,1
1722654000,1
1722657600,1
1722661200,1
1722664800,1
1722668400,2
1722672000,2
1722675600,2
1722679200,2
1722682800,2
1722686400,2
1722690000,2
1722693600,2
1722697200,2
1722700800,2
1722704400,1
1722708000,1
1722711600,1
1722715200,1
1722718800,1
1722722400,1
1722726000,1
1722729600,1
1722733200,1
1722736800,1
1722740400,1
1722744000,1
1722747600,1
1722751200,1
1722754800,1
1722758400,1
1722762000,1
1722765600,2
1722769200,2
1722772800,2
1722776400,2
1722780000,2
1722783600,2
1722787200,2
1722790800,2
1722794400,2
1722798000,1
1722801600,1
1722805200,1
1722808800,1
1722812400,1
1722816000,1
1722819600,1
1722823200,1
1722826800,1
1722830400,1
1722834000,1
1722837600,1
1722841200,2
1722844800,2
1722848400,2
1722852000,2
1722855600,2
1722859200,2
1722862800,2
1722866400,2
1722870000,2
1722873600,2
1722877200,1
1722880800,1
1722884400,1
1722888000,1
1722891600,1
1722895200,1
1722898800,1
1722902400,1
1722906000,1
1722909600,1
1722913200,1
1722916800,1
1722920400,1
1722924000,1
1722927600,2
1722931200,2
1722934800,2
1722938400,2
1722942000,2
1722945600,2
1722949200,2
1722952800,2
1722956400,2
1722960000,1
1722963600,1
1722967200,1
1722970800,1
1722974400,1
1722978000,1
1722981600,1
1722985200,1
1722988800,1
1722992400,1
1722996000,1
1722999600,1
1723003200,1
1723006800,1
1723010400,1
1723014000,1
1723017600,1
1723021200,1
1723024800,2
1723028400,2
1723032000,2
1723035600,2
1723039200,2
1723042800,2
1723046400,1
1723050000,1
1723053600,1
1723057200,1
1723060800,1
1723064400,1
1723068000,1
1723071600,1
1723075200,1
1723078800,1
1723082400,1
1723086000,1
1723089600,1
1723093200,1
1723096800,1
1723100400,1
1723104000,1
1723107600,2
1723111200,2
1723114800,2
1723118400,2
1723122000,2
1723125600,1
1723129200,1
1723132800,1
1723136400,1
1723140000,1
1723143600,1
1723147200,1
1723150800,1
1723154400,1
1723158000,1
1723161600,1
1723165200,1
1723168800,1
1723172400,1
1723176000,1
1723179600,1
1723183200,2
1723186800,2
1723190400,2
1723194000,3
1723197600,3
1723201200,3
1723204800,3
1723208400,3
1723212000,3
1723215600,3
1723219200,2
1723222800,1
1723226400,1
1723230000,1
1723233600,1
1723237200,1
1723240800,1
1723244400,1
1723248000,1
1723251600,1
1723255200,1
1723258800,1
1723262400,1
1723266000,1
1723269600,1
1723273200,1
1723276800,2
1723280400,2
1723284000,1
1723287600,1
1723291200,2
1723294800,2
1723298400,1
1723302000,1
1723305600,2
1723309200,1
1723312800,1
1723316400,1
1723320000,1
1723323600,1
1723327200,1
1723330800,1
1723334400,1
1723338000,1
1723341600,1
1723345200,1
1723348800,1
1723352400,1
1723356000,1
1723359600,2
1723363200,2
1723366800,2
1723370400,2
1723374000,2
1723377600,2
1723381200,2
1723384800,2
1723388400,2
1723392000,2
1723395600,2
1723399200,2
1723402800,2
1723406400,1
1723410000,1
1723413600,1
1723417200,1
1723420800,1
1723424400,2
1723428000,2
1723431600,2
1723435200,2
1723438800,1
1723442400,1
1723446000,2
1723449600,2
1723453200,2
1723456800,2
1723460400,2
1723464000,2
1723467600,2
1723471200,2
1723474800,2
1723478400,1
1723482000,1
1723485600,1
1723489200,1
1723492800,1
1723496400,1
1723500000,1
1723503600,1
1723507200,1
1723510800,1
1723514400,1
1723518000,1
1723521600,1
1723525200,1
1723528800,1
1723532400,2
1723536000,2
1723539600,2
1723543200,2
1723546800,2
1723550400,2
1723554000,2
1723557600,2
1723561200,2
1723564800,1
1723568400,1
1723572000,1
1723575600,1
1723579200,1
1723582800,1
1723586400,1
1723590000,1
1723593600,1
1723597200,1
1723600800,1
1723604400,1
1723608000,1
1723611600,1
1723615200,1
1723618800,1
1723622400,2
1723626000,2
1723629600,2
1723633200,1
1723636800,2
1723640400,2
1723644000,2
1723647600,2
1723651200,1
1723654800,1
1723658400,1
1723662000,1
1723665600,1
1723669200,1
1723672800,2
1723676400,2
1723680000,1
1723683600,1
1723687200,1
1723690800,1
1723694400,1
1723698000,1
1723701600,1
1723705200,2
1723708800,2
1723712400,2
1723716000,1
1723719600,2
1723723200,2
1723726800,2
1723730400,2
1723734000,2
1723737600,1
1723741200,1
1723744800,1
1723748400,1
1723752000,1
1723755600,1
1723759200,1
1723762800,1
1723766400,1
1723770000,1
1723773600,1
1723777200,1
1723780800,1
1723784400,1
1723788000,1
1723791600,1
1723795200,2
1723798800,3
1723802400,3
1723806000,3
1723809600,3
1723813200,3
1723816800,3
1723820400,3
1723824000,2
1723827600,2
1723831200,1
1723834800,1
1723838400,1
1723842000,1
1723845600,1
1723849200,1
1723852800,1
1723856400,1
1723860000,1
1723863600,1
1723867200,1
1723870800,1
1723874400,1
1723878000,1
1723881600,1
1723885200,2
1723888800,2
1723892400,2
1723896000,3
1723899600,3
1723903200,3
1723906800,3
1723910400,2
1723914000,2
1723917600,1
1723921200,1
1723924800,1
1723928400,1
1723932000,1
1723935600,1
1723939200,1
1723942800,1
1723946400,1
1723950000,1
1723953600,1
1723957200,1
1723960800,1
1723964400,1
1723968000,2
1723971600,2
1723975200,2
1723978800,3
1723982400,3
1723986000,3
1723989600,2
1723993200,2
1723996800,2
1724000400,2
1724004000,1
1724007600,1
1724011200,1
1724014800,1
1724018400,1
1724022000,1
1724025600,1
1724029200,1
1724032800,1
1724036400,1
1724040000,1
1724043600,2
1724047200,2
1724050800,2
1724054400,2
1724058000,3
1724061600,3
1724065200,3
1724068800,3
1724072400,3
1724076000,3
1724079600,3
1724083200,2
1724086800,2
1724090400,2
1724094000,2
1724097600,2
1724101200,2
1724104800,2
1724108400,2
1724112000,2
1724115600,2
1724119200,2
1724122800,2
1724126400,2
1724130000,2
1724133600,2
1724137200,2
1724140800,2
1724144400,3
1724148000,3
1724151600,3
1724155200,3
1724158800,3
1724162400,3
1724166000,3
1724169600,3
1724173200,2
1724176800,2
1724180400,2
1724184000,2
1724187600,2
1724191200,2
1724194800,2
1724198400,2
1724202000,2
1724205600,3
1724209200,3
1724212800,3
1724216400,3
1724220000,4
1724223600,3
1724227200,2
1724230800,3
1724234400,3
1724238000,3
1724241600,3
1724245200,3
1724248800,3
1724252400,3
1724256000,3
1724259600,3
1724263200,3
1724266800,4
1724270400,4
1724274000,4
1724277600,4
1724281200,4
1724284800,3
1724288400,4
1724292000,3
1724295600,4
1724299200,4
1724302800,4
1724306400,4
1724310000,4
1724313600,4
1724317200,4
1724320800,3
1724324400,3
1724328000,3
1724331600,2
1724335200,1
1724338800,2
1724342400,2
1724346000,2
1724349600,1
1724353200,1
1724356800,1
1724360400,1
1724364000,1
1724367600,2
1724371200,2
1724374800,2
1724378400,2
1724382000,2
1724385600,2
1724389200,2
1724392800,2
1724396400,2
1724400000,2
1724403600,2
1724407200,2
1724410800,2
1724414400,2
1724418000,2
1724421600,2
1724425200,2
1724428800,2
1724432400,2
1724436000,2
1724439600,2
1724443200,1
1724446800,1
1724450400,1
1724454000,1
1724457600,1
1724461200,1
1724464800,1
1724468400,1
1724472000,1
1724475600,1
1724479200,1
1724482800,2
1724486400,2
1724490000,2
1724493600,2
1724497200,2
1724500800,2
1724504400,2
1724508000,2
1724511600,2
1724515200,1
1724518800,2
1724522400,1
1724526000,1
1724529600,1
1724533200,1
1724536800,1
1724540400,1
1724544000,1
1724547600,1
1724551200,1
1724554800,1
1724558400,1
1724562000,1
1724565600,1
1724569200,1
1724572800,1
1724576400,1
1724580000,2
1724583600,2
1724587200,2
1724590800,2
1724594400,2
1724598000,2
1724601600,2
1724605200,2
1724608800,1
1724612400,1
1724616000,1
1724619600,1
1724623200,1
1724626800,1
1724630400,1
1724634000,1
1724637600,1
1724641200,1
1724644800,1
1724648400,1
1724652000,1
1724655600,1
1724659200,1
1724662800,2
1724666400,2
1724670000,3
1724673600,3
1724677200,3
1724680800,3
1724684400,2
1724688000,2
1724691600,2
1724695200,2
1724698800,2
1724702400,2
1724706000,2
1724709600,2
1724713200,1
1724716800,1
1724720400,1
1724724000,1
1724727600,2
1724731200,2
1724734800,2
1724738400,2
1724742000,2
1724745600,2
1724749200,2
1724752800,2
1724756400,2
1724760000,2
1724763600,2
1724767200,2
1724770800,2
1724774400,2
1724778000,2
1724781600,2
1724785200,2
1724788800,2
1724792400,1
1724796000,1
1724799600,1
1724803200,1
1724806800,1
1724810400,1
1724814000,1
1724817600,2
1724821200,2
1724824800,2
1724828400,2
1724832000,2
1724835600,2
1724839200,2
1724842800,3
1724846400,3
1724850000,3
1724853600,2
1724857200,2
1724860800,2
1724864400,2
1724868000,2
1724871600,2
1724875200,2
1724878800,2
1724882400,2
1724886000,2
1724889600,2
1724893200,2
1724896800,2
1724900400,2
1724904000,2
1724907600,2
1724911200,2
1724914800,2
1724918400,1
1724922000,1
1724925600,2
1724929200,2
1724932800,2
1724936400,2
1724940000,2
1724943600,2
1724947200,2
1724950800,2
1724954400,2
1724958000,2
1724961600,2
1724965200,2
1724968800,2
1724972400,2
1724976000,2
1724979600,2
1724983200,1
1724986800,1
1724990400,1
1724994000,1
1724997600,1
1725001200,2
1725004800,1
1725008400,1
1725012000,2
1725015600,2
1725019200,2
1725022800,2
1725026400,2
1725030000,2
1725033600,2
1725037200,2
1725040800,2
1725044400,2
1725048000,2
1725051600,2
1725055200,2
1725058800,2
1725062400,2
1725066000,2
1725069600,2
1725073200,2
1725076800,1
1725080400,1
1725084000,1
1725087600,1
1725091200,1
1725094800,1
1725098400,2
1725102000,2
1725105600,2
1725109200,2
1725112800,1
1725116400,1
1725120000,1
1725123600,2
1725127200,2
1725130800,1
1725134400,2
1725138000,2
1725141600,2
1725145200,2
1725148800,2
1725152400,2
1725156000,1
1725159600,1
1725163200,1
1725166800,1
1725170400,1
1725174000,1
1725177600,1
1725181200,1
1725184800,2
1725188400,2
1725192000,2
1725195600,2
1725199200,2
1725202800,1
1725206400,1
1725210000,2
1725213600,1
1725217200,2
1725220800,2
1725224400,2
1725228000,2
1725231600,2
1725235200,2
1725238800,2
1725242400,2
1725246000,2
1725249600,2
1725253200,2
1725256800,2
1725260400,2
1725264000,1
1725267600,1
1725271200,2
1725274800,3
1725278400,3
1725282000,3
1725285600,3
1725289200,2
1725292800,2
1725296400,2
1725300000,2
1725303600,1
1725307200,1
1725310800,1
1725314400,1
1725318000,1
1725321600,1
1725325200,1
1725328800,1
1725332400,1
1725336000,1
1725339600,1
1725343200,1
1725346800,1
1725350400,1
1725354000,1
1725357600,2
1725361200,2
1725364800,2
1725368400,2
1725372000,2
1725375600,2
1725379200,2
1725382800,2
1725386400,2
1725390000,2
1725393600,2
1725397200,2
1725400800,2
1725404400,2
1725408000,2
1725411600,2
1725415200,2
1725418800,2
1725422400,1
1725426000,1
1725429600,1
1725433200,1
1725436800,1
1725440400,1
1725444000,1
1725447600,2
1725451200,2
1725454800,2
1725458400,2
1725462000,2
1725465600,2
1725469200,2
1725472800,2
1725476400,2
1725480000,2
1725483600,2
1725487200,2
1725490800,2
1725494400,2
1725498000,2
1725501600,2
1725505200,2
1725508800,2
1725512400,2
1725516000,2
1725519600,2
1725523200,2
1725526800,2
1725530400,1
1725534000,2
1725537600,2
1725541200,2
1725544800,2
1725548400,2
1725552000,2
1725555600,2
1725559200,2
1725562800,2
1725566400,2
1725570000,2
1725573600,2
1725577200,2
1725580800,2
1725584400,2
1725588000,2
1725591600,2
1725595200,2
1725598800,2
1725602400,2
1725606000,2
1725609600,1
1725613200,2
1725616800,2
1725620400,2
1725624000,2
1725627600,2
1725631200,2
1725634800,2
1725638400,2
1725642000,2
1725645600,2
1725649200,2
1725652800,1
1725656400,1
1725660000,2
1725663600,2
1725667200,2
1725670800,2
1725674400,2
1725678000,2
1725681600,2
1725685200,2
1725688800,2
1725692400,2
1725696000,1
1725699600,1
1725703200,2
1725706800,2
1725710400,2
1725714000,2
1725717600,2
1725721200,2
1725724800,2
1725728400,1
1725732000,1
1725735600,1
1725739200,1
1725742800,1
1725746400,1
1725750000,1
1725753600,1
1725757200,1
1725760800,1
1725764400,1
1725768000,1
1725771600,2
1725775200,2
1725778800,2
1725782400,1
1725786000,1
1725789600,2
1725793200,2
1725796800,2
1725800400,2
1725804000,2
1725807600,2
1725811200,2
1725814800,1
1725818400,1
1725822000,1
1725825600,1
1725829200,1
1725832800,1
1725836400,1
1725840000,1
1725843600,1
1725847200,1
1725850800,1
1725854400,1
1725858000,2
1725861600,1
1725865200,1
1725868800,2
1725872400,3
1725876000,3
1725879600,3
1725883200,2
1725886800,2
1725890400,3
1725894000,3
1725897600,3
1725901200,2
1725904800,2
1725908400,1
1725912000,2
1725915600,2
1725919200,1
1725922800,1
1725926400,1
1725930000,1
1725933600,1
1725937200,1
1725940800,1
1725944400,1
1725948000,1
1725951600,1
1725955200,1
1725958800,1
1725962400,2
1725966000,3
1725969600,3
1725973200,2
1725976800,2
1725980400,2
1725984000,2
1725987600,1
1725991200,1
1725994800,1
1725998400,1
1726002000,1
1726005600,1
1726009200,1
1726012800,1
1726016400,1
1726020000,1
1726023600,1
1726027200,1
1726030800,1
1726034400,1
1726038000,1
1726041600,1
1726045200,1
1726048800,1
1726052400,2
1726056000,2
1726059600,2
1726063200,2
1726066800,2
1726070400,2
1726074000,2
1726077600,2
1726081200,2
1726084800,2
1726088400,1
1726092000,1
1726095600,1
1726099200,1
1726102800,1
1726106400,1
1726110000,1
1726113600,1
1726117200,1
1726120800,1
1726124400,1
1726128000,1
1726131600,1
1726135200,2
1726138800,2
1726142400,2
1726146000,2
1726149600,2
1726153200,2
1726156800,2
1726160400,1
1726164000,1
1726167600,1
1726171200,1
1726174800,2
1726178400,2
1726182000,1
1726185600,1
1726189200,1
1726192800,1
1726196400,1
1726200000,1
1726203600,1
1726207200,1
1726210800,1
1726214400,1
1726218000,1
1726221600,1
1726225200,2
1726228800,2
1726232400,1
1726236000,1
1726239600,2
1726243200,2
1726246800,1
1726250400,1
1726254000,1
1726257600,2
1726261200,2
1726264800,2
1726268400,2
1726272000,1
1726275600,1
1726279200,1
1726282800,1
1726286400,2
1726290000,2
1726293600,2
1726297200,2
1726300800,2
1726304400,2
1726308000,2
1726311600,2
1726315200,2
1726318800,2
1726322400,2
1726326000,2
1726329600,2
1726333200,2
1726336800,2
1726340400,2
1726344000,2
1726347600,2
1726351200,2
1726354800,2
1726358400,2
1726362000,2
1726365600,2
1726369200,3
1726372800,3
1726376400,4
1726380000,4
1726383600,3
1726387200,2
1726390800,2
1726394400,2
1726398000,2
1726401600,2
1726405200,2
1726408800,3
1726412400,2
1726416000,2
1726419600,3
1726423200,3
1726426800,2
1726430400,3
1726434000,2
1726437600,3
1726441200,2
1726444800,2
1726448400,2
1726452000,2
1726455600,2
1726459200,2
1726462800,2
1726466400,2
1726470000,2
1726473600,2
1726477200,2
1726480800,2
1726484400,2
1726488000,2
1726491600,2
1726495200,2
1726498800,2
1726502400,2
1726506000,2
1726509600,2
1726513200,2
1726516800,2
1726520400,2
1726524000,2
1726527600,2
1726531200,2
1726534800,2
1726538400,2
1726542000,2
1726545600,2
1726549200,2
1726552800,2
1726556400,2
1726560000,2
1726563600,2
1726567200,2
1726570800,2
1726574400,2
1726578000,2
1726581600,2
1726585200,2
1726588800,2
1726592400,2
1726596000,2
1726599600,2
1726603200,2
1726606800,2
1726610400,2
1726614000,2
1726617600,2
1726621200,2
1726624800,2
1726628400,2
1726632000,1
1726635600,1
1726639200,1
1726642800,2
1726646400,2
1726650000,2
1726653600,2
1726657200,2
1726660800,2
1726664400,2
1726668000,2
1726671600,2
1726675200,2
1726678800,2
1726682400,2
1726686000,2
1726689600,2
1726693200,2
1726696800,2
1726700400,2
1726704000,2
1726707600,2
1726711200,2
1726714800,1
1726718400,1
1726722000,1
1726725600,1
1726729200,1
1726732800,2
1726736400,1
1726740000,2
1726743600,2
1726747200,2
1726750800,2
1726754400,2
1726758000,1
1726761600,2
1726765200,1
1726768800,1
1726772400,1
1726776000,1
1726779600,1
1726783200,1
1726786800,1
1726790400,1
1726794000,1
1726797600,1
1726801200,1
1726804800,1
1726808400,2
1726812000,2
1726815600,1
1726819200,2
1726822800,2
1726826400,3
1726830000,3
1726833600,3
1726837200,3
1726840800,3
1726844400,3
1726848000,4
1726851600,4
1726855200,2
1726858800,2
1726862400,1
1726866000,1
1726869600,2
1726873200,2
1726876800,3
1726880400,2
1726884000,2
1726887600,2
1726891200,2
1726894800,2
1726898400,2
1726902000,1
1726905600,1
1726909200,2
1726912800,2
1726916400,2
1726920000,2
1726923600,2
1726927200,2
1726930800,3
1726934400,4
1726938000,4
1726941600,4
1726945200,4
1726948800,4
1726952400,4
1726956000,3
1726959600,2
1726963200,2
1726966800,2
1726970400,2
1726974000,1
1726977600,1
1726981200,2
1726984800,2
1726988400,2
1726992000,2
1726995600,2
1726999200,3
1727002800,3
1727006400,2
1727010000,2
1727013600,3
1727017200,3
1727020800,4
1727024400,2
1727028000,2
1727031600,1
1727035200,1
1727038800,1
1727042400,1
1727046000,1
1727049600,1
1727053200,1
1727056800,1
1727060400,1
1727064000,2
1727067600,2
1727071200,2
1727074800,1
1727078400,1
1727082000,1
1727085600,2
1727089200,2
1727092800,2
1727096400,2
1727100000,2
1727103600,2
1727107200,2
1727110800,2
1727114400,2
1727118000,2
1727121600,2
1727125200,2
1727128800,2
1727132400,2
1727136000,2
1727139600,2
1727143200,2
1727146800,2
1727150400,2
1727154000,2
1727157600,2
1727161200,2
1727164800,2
1727168400,2
1727172000,2
1727175600,2
1727179200,2
1727182800,2
1727186400,2
1727190000,2
1727193600,2
1727197200,2
1727200800,2
1727204400,2
1727208000,2
1727211600,2
1727215200,2
1727218800,2
1727222400,2
1727226000,2
1727229600,2
1727233200,2
1727236800,2
1727240400,2
1727244000,2
1727247600,2
1727251200,2
1727254800,2
1727258400,2
1727262000,3
1727265600,3
1727269200,3
1727272800,2
1727276400,2
1727280000,2
1727283600,2
1727287200,2
1727290800,2
1727294400,2
1727298000,2
1727301600,2
1727305200,2
1727308800,2
1727312400,2
1727316000,1
1727319600,1
1727323200,1
1727326800,1
1727330400,1
1727334000,2
1727337600,2
1727341200,2
1727344800,2
1727348400,2
1727352000,2
1727355600,2
1727359200,2
1727362800,2
1727366400,2
1727370000,2
1727373600,2
1727377200,2
1727380800,2
1727384400,2
1727388000,2
1727391600,2
1727395200,2
1727398800,2
1727402400,2
1727406000,2
1727409600,2
1727413200,1
1727416800,2
1727420400,2
1727424000,2
1727427600,2
1727431200,2
1727434800,2
1727438400,2
1727442000,2
1727445600,2
1727449200,2
1727452800,2
1727456400,2
1727460000,2
1727463600,2
1727467200,2
1727470800,2
1727474400,2
1727478000,2
1727481600,2
1727485200,2
1727488800,2
1727492400,2
1727496000,2
1727499600,2
1727503200,2
1727506800,2
1727510400,2
1727514000,1
1727517600,2
1727521200,2
1727524800,2
1727528400,2
1727532000,2
1727535600,2
1727539200,2
1727542800,2
1727546400,2
1727550000,2
1727553600,2
1727557200,2
1727560800,2
1727564400,2
1727568000,1
1727571600,1
1727575200,2
1727578800,2
1727582400,2
1727586000,2
1727589600,2
1727593200,2
1727596800,2
1727600400,2
1727604000,2
1727607600,2
1727611200,2
1727614800,2
1727618400,2
1727622000,1
1727625600,1
1727629200,1
1727632800,1
1727636400,2
1727640000,2
1727643600,2
1727647200,2
1727650800,2
1727654400,2
1727658000,2
1727661600,2
1727665200,2
1727668800,2
1727672400,2
1727676000,2
1727679600,2
1727683200,2
1727686800,2
1727690400,2
1727694000,2
1727697600,2
1727701200,2
1727704800,2
1727708400,2
1727712000,2
1727715600,1
1727719200,1
1727722800,1
1727726400,2
1727730000,2
1727733600,2
1727737200,2
1727740800,2
1727744400,2
1727748000,1
1727751600,1
1727755200,1
1727758800,1
1727762400,1
1727766000,1
1727769600,1
1727773200,1
1727776800,1
1727780400,1
1727784000,1
1727787600,2
1727791200,2
1727794800,2
1727798400,2
1727802000,2
1727805600,2
1727809200,1
1727812800,1
1727816400,2
1727820000,1
1727823600,1
1727827200,1
1727830800,1
1727834400,1
1727838000,1
1727841600,1
1727845200,1
1727848800,1
1727852400,1
1727856000,1
1727859600,1
1727863200,1
1727866800,1
1727870400,1
1727874000,2
1727877600,2
1727881200,2
1727884800,2
1727888400,2
1727892000,2
1727895600,2
1727899200,2
1727902800,2
1727906400,2
1727910000,2
1727913600,2
1727917200,2
1727920800,2
1727924400,2
1727928000,2
1727931600,2
1727935200,2
1727938800,2
1727942400,2
1727946000,3
1727949600,3
1727953200,3
1727956800,3
1727960400,3
1727964000,3
1727967600,2
1727971200,2
1727974800,2
1727978400,2
1727982000,2
1727985600,2
1727989200,2
1727992800,2
1727996400,2
1728000000,1
1728003600,1
1728007200,1
1728010800,1
1728014400,1
1728018000,1
1728021600,1
1728025200,1
1728028800,2
1728032400,2
1728036000,2
1728039600,2
1728043200,2
1728046800,2
1728050400,2
1728054000,1
1728057600,2
1728061200,2
1728064800,2
1728068400,2
1728072000,2
1728075600,2
1728079200,2
1728082800,2
1728086400,1
1728090000,1
1728093600,1
1728097200,1
1728100800,1
1728104400,1
1728108000,1
1728111600,1
1728115200,1
1728118800,1
1728122400,1
1728126000,1
1728129600,1
1728133200,1
1728136800,1
1728140400,1
1728144000,1
1728147600,1
1728151200,1
1728154800,1
1728158400,1
1728162000,1
1728165600,1
1728169200,1
